{
    "Mu17LegMC": {
        "abseta_pt": {
            "abseta:[0.0,0.9]": {
                "pt:[25.0,30.0]": {
                    "value": 0.9436944723129272, 
                    "error": 0.00040222916885068115
                }, 
                "pt:[30.0,40.0]": {
                    "value": 0.9489010572433472, 
                    "error": 0.0002402276576984666
                }, 
                "pt:[40.0,50.0]": {
                    "value": 0.9494661092758179, 
                    "error": 0.00020218459478874072
                }, 
                "pt:[50.0,60.0]": {
                    "value": 0.9489619731903076, 
                    "error": 0.0005098420782402087
                }, 
                "pt:[60.0,120.0]": {
                    "value": 0.9480804204940796, 
                    "error": 0.0006097454106415675
                }, 
                "pt:[20.0,25.0]": {
                    "value": 0.9314167499542236, 
                    "error": 0.0007232437835737751
                }
            }, 
            "abseta:[1.2,2.1]": {
                "pt:[25.0,30.0]": {
                    "value": 0.9588814377784729, 
                    "error": 0.00044277060525263105
                }, 
                "pt:[30.0,40.0]": {
                    "value": 0.9651384949684143, 
                    "error": 0.00019998561688575202
                }, 
                "pt:[40.0,50.0]": {
                    "value": 0.9688278436660767, 
                    "error": 0.0001699414796994701
                }, 
                "pt:[50.0,60.0]": {
                    "value": 0.9706345796585083, 
                    "error": 0.0004791927445467555
                }, 
                "pt:[60.0,120.0]": {
                    "value": 0.9709334969520569, 
                    "error": 0.0021873961678481324
                }, 
                "pt:[20.0,25.0]": {
                    "value": 0.9618992805480957, 
                    "error": 0.0005262726874029162
                }
            }, 
            "abseta:[2.1,2.4]": {
                "pt:[25.0,30.0]": {
                    "value": 0.9198500514030457, 
                    "error": 0.00801495378381938
                }, 
                "pt:[30.0,40.0]": {
                    "value": 0.924066424369812, 
                    "error": 0.0004555280699906373
                }, 
                "pt:[40.0,50.0]": {
                    "value": 0.9256046414375305, 
                    "error": 0.00047862151285387556
                }, 
                "pt:[50.0,60.0]": {
                    "value": 0.9265933036804199, 
                    "error": 0.0016566749258582528
                }, 
                "pt:[60.0,120.0]": {
                    "value": 0.925062894821167, 
                    "error": 0.002405674914248083
                }, 
                "pt:[20.0,25.0]": {
                    "value": 0.9225300550460815, 
                    "error": 0.001250160251054151
                }
            }, 
            "abseta:[0.9,1.2]": {
                "pt:[25.0,30.0]": {
                    "value": 0.969727098941803, 
                    "error": 0.0004790505663150742
                }, 
                "pt:[30.0,40.0]": {
                    "value": 0.9752282500267029, 
                    "error": 0.00024009126697559167
                }, 
                "pt:[40.0,50.0]": {
                    "value": 0.9768226742744446, 
                    "error": 0.00020157574820342408
                }, 
                "pt:[50.0,60.0]": {
                    "value": 0.9774416089057922, 
                    "error": 0.0005815677492066759
                }, 
                "pt:[60.0,120.0]": {
                    "value": 0.9767946600914001, 
                    "error": 0.0007899560517430163
                }, 
                "pt:[20.0,25.0]": {
                    "value": 0.9749560952186584, 
                    "error": 0.0008721616500954052
                }
            }
        }, 
        "pt_ne_ratio": {
            "pt:[25.0,30.0]": {
                "ne:[2.1,2.4]": {
                    "value": 0.9198500514030457, 
                    "error": 0.00801495378381938
                }, 
                "ne:[1.2,2.1]": {
                    "value": 0.9588814377784729, 
                    "error": 0.00044277060525263105
                }, 
                "ne:[0.0,0.9]": {
                    "value": 0.9436944723129272, 
                    "error": 0.00040222916885068115
                }, 
                "ne:[0.9,1.2]": {
                    "value": 0.969727098941803, 
                    "error": 0.0004790505663150742
                }
            }, 
            "pt:[30.0,40.0]": {
                "ne:[2.1,2.4]": {
                    "value": 0.924066424369812, 
                    "error": 0.0004555280699906373
                }, 
                "ne:[1.2,2.1]": {
                    "value": 0.9651384949684143, 
                    "error": 0.00019998561688575202
                }, 
                "ne:[0.0,0.9]": {
                    "value": 0.9489010572433472, 
                    "error": 0.0002402276576984666
                }, 
                "ne:[0.9,1.2]": {
                    "value": 0.9752282500267029, 
                    "error": 0.00024009126697559167
                }
            }, 
            "pt:[40.0,50.0]": {
                "ne:[2.1,2.4]": {
                    "value": 0.9256046414375305, 
                    "error": 0.00047862151285387556
                }, 
                "ne:[1.2,2.1]": {
                    "value": 0.9688278436660767, 
                    "error": 0.0001699414796994701
                }, 
                "ne:[0.0,0.9]": {
                    "value": 0.9494661092758179, 
                    "error": 0.00020218459478874072
                }, 
                "ne:[0.9,1.2]": {
                    "value": 0.9768226742744446, 
                    "error": 0.00020157574820342408
                }
            }, 
            "pt:[50.0,60.0]": {
                "ne:[2.1,2.4]": {
                    "value": 0.9265933036804199, 
                    "error": 0.0016566749258582528
                }, 
                "ne:[1.2,2.1]": {
                    "value": 0.9706345796585083, 
                    "error": 0.0004791927445467555
                }, 
                "ne:[0.0,0.9]": {
                    "value": 0.9489619731903076, 
                    "error": 0.0005098420782402087
                }, 
                "ne:[0.9,1.2]": {
                    "value": 0.9774416089057922, 
                    "error": 0.0005815677492066759
                }
            }, 
            "pt:[60.0,120.0]": {
                "ne:[2.1,2.4]": {
                    "value": 0.925062894821167, 
                    "error": 0.002405674914248083
                }, 
                "ne:[1.2,2.1]": {
                    "value": 0.9709334969520569, 
                    "error": 0.0021873961678481324
                }, 
                "ne:[0.0,0.9]": {
                    "value": 0.9480804204940796, 
                    "error": 0.0006097454106415675
                }, 
                "ne:[0.9,1.2]": {
                    "value": 0.9767946600914001, 
                    "error": 0.0007899560517430163
                }
            }, 
            "pt:[20.0,25.0]": {
                "ne:[2.1,2.4]": {
                    "value": 0.9225300550460815, 
                    "error": 0.001250160251054151
                }, 
                "ne:[1.2,2.1]": {
                    "value": 0.9618992805480957, 
                    "error": 0.0005262726874029162
                }, 
                "ne:[0.0,0.9]": {
                    "value": 0.9314167499542236, 
                    "error": 0.0007232437835737751
                }, 
                "ne:[0.9,1.2]": {
                    "value": 0.9749560952186584,