{
    "Mu17Leg": {
        "abseta_pt": {
            "abseta:[0.0,0.9]": {
                "pt:[25.0,30.0]": {
                    "value": 0.9274474382400513, 
                    "error": 0.0006766283631409777
                }, 
                "pt:[30.0,40.0]": {
                    "value": 0.9280336499214172, 
                    "error": 0.00014946745397977933
                }, 
                "pt:[40.0,50.0]": {
                    "value": 0.9280481934547424, 
                    "error": 0.00010345533684566322
                }, 
                "pt:[50.0,60.0]": {
                    "value": 0.9268301129341125, 
                    "error": 0.00031417810937592366
                }, 
                "pt:[60.0,120.0]": {
                    "value": 0.9246120452880859, 
                    "error": 0.0007331704501435943
                }, 
                "pt:[20.0,25.0]": {
                    "value": 0.9225805401802063, 
                    "error": 0.0010409278635592658
                }
            }, 
            "abseta:[1.2,2.1]": {
                "pt:[25.0,30.0]": {
                    "value": 0.9498887062072754, 
                    "error": 0.0005389932780152921
                }, 
                "pt:[30.0,40.0]": {
                    "value": 0.9539458751678467, 
                    "error": 0.04605410727746195
                }, 
                "pt:[40.0,50.0]": {
                    "value": 0.9579809904098511, 
                    "error": 0.0002682148142277074
                }, 
                "pt:[50.0,60.0]": {
                    "value": 0.9585255980491638, 
                    "error": 0.000397541345107176
                }, 
                "pt:[60.0,120.0]": {
                    "value": 0.9592223167419434, 
                    "error": 0.0009078513290555973
                }, 
                "pt:[20.0,25.0]": {
                    "value": 0.9530131220817566, 
                    "error": 0.0007402073372127267
                }
            }, 
            "abseta:[2.1,2.4]": {
                "pt:[25.0,30.0]": {
                    "value": 0.9159227609634399, 
                    "error": 0.003183591299189582
                }, 
                "pt:[30.0,40.0]": {
                    "value": 0.9201759696006775, 
                    "error": 0.00041565883430904997
                }, 
                "pt:[40.0,50.0]": {
                    "value": 0.9197014570236206, 
                    "error": 0.0004089073765641714
                }, 
                "pt:[50.0,60.0]": {
                    "value": 0.9173639416694641, 
                    "error": 0.0015366645514434652
                }, 
                "pt:[60.0,120.0]": {
                    "value": 0.9177666306495667, 
                    "error": 0.003737759633719445
                }, 
                "pt:[20.0,25.0]": {
                    "value": 0.9168558716773987, 
                    "error": 0.0011806026440414064
                }
            }, 
            "abseta:[0.9,1.2]": {
                "pt:[25.0,30.0]": {
                    "value": 0.9441152811050415, 
                    "error": 0.0007114540603551978
                }, 
                "pt:[30.0,40.0]": {
                    "value": 0.9446321129798889, 
                    "error": 0.05536791241320216
                }, 
                "pt:[40.0,50.0]": {
                    "value": 0.9456167221069336, 
                    "error": 0.00019409600392927137
                }, 
                "pt:[50.0,60.0]": {
                    "value": 0.9447908401489258, 
                    "error": 0.0005835030717891385
                }, 
                "pt:[60.0,120.0]": {
                    "value": 0.9404218196868896, 
                    "error": 0.001153724856822209
                }, 
                "pt:[20.0,25.0]": {
                    "value": 0.947664201259613, 
                    "error": 0.0014080362335156067
                }
            }
        }, 
        "pt_ne_ratio": {
            "pt:[25.0,30.0]": {
                "ne:[2.1,2.4]": {
                    "value": 0.9159227609634399, 
                    "error": 0.003183591299189582
                }, 
                "ne:[1.2,2.1]": {
                    "value": 0.9498887062072754, 
                    "error": 0.0005389932780152921
                }, 
                "ne:[0.0,0.9]": {
                    "value": 0.9274474382400513, 
                    "error": 0.0006766283631409777
                }, 
                "ne:[0.9,1.2]": {
                    "value": 0.9441152811050415, 
                    "error": 0.0007114540603551978
                }
            }, 
            "pt:[30.0,40.0]": {
                "ne:[2.1,2.4]": {
                    "value": 0.9201759696006775, 
                    "error": 0.00041565883430904997
                }, 
                "ne:[1.2,2.1]": {
                    "value": 0.9539458751678467, 
                    "error": 0.04605410727746195
                }, 
                "ne:[0.0,0.9]": {
                    "value": 0.9280336499214172, 
                    "error": 0.00014946745397977933
                }, 
                "ne:[0.9,1.2]": {
                    "value": 0.9446321129798889, 
                    "error": 0.05536791241320216
                }
            }, 
            "pt:[40.0,50.0]": {
                "ne:[2.1,2.4]": {
                    "value": 0.9197014570236206, 
                    "error": 0.0004089073765641714
                }, 
                "ne:[1.2,2.1]": {
                    "value": 0.9579809904098511, 
                    "error": 0.0002682148142277074
                }, 
                "ne:[0.0,0.9]": {
                    "value": 0.9280481934547424, 
                    "error": 0.00010345533684566322
                }, 
                "ne:[0.9,1.2]": {
                    "value": 0.9456167221069336, 
                    "error": 0.00019409600392927137
                }
            }, 
            "pt:[50.0,60.0]": {
                "ne:[2.1,2.4]": {
                    "value": 0.9173639416694641, 
                    "error": 0.0015366645514434652
                }, 
                "ne:[1.2,2.1]": {
                    "value": 0.9585255980491638, 
                    "error": 0.000397541345107176
                }, 
                "ne:[0.0,0.9]": {
                    "value": 0.9268301129341125, 
                    "error": 0.00031417810937592366
                }, 
                "ne:[0.9,1.2]": {
                    "value": 0.9447908401489258, 
                    "error": 0.0005835030717891385
                }
            }, 
            "pt:[60.0,120.0]": {
                "ne:[2.1,2.4]": {
                    "value": 0.9177666306495667, 
                    "error": 0.003737759633719445
                }, 
                "ne:[1.2,2.1]": {
                    "value": 0.9592223167419434, 
                    "error": 0.0009078513290555973
                }, 
                "ne:[0.0,0.9]": {
                    "value": 0.9246120452880859, 
                    "error": 0.0007331704501435943
                }, 
                "ne:[0.9,1.2]": {
                    "value": 0.9404218196868896, 
                    "error": 0.001153724856822209
                }
            }, 
            "pt:[20.0,25.0]": {
                "ne:[2.1,2.4]": {
                    "value": 0.9168558716773987, 
                    "error": 0.0011806026440414064
                }, 
                "ne:[1.2,2.1]": {
                    "value": 0.9530131220817566, 
                    "error": 0.0007402073372127267
                }, 
                "ne:[0.0,0.9]": {
                    "value": 0.9225805401802063, 
                    "error": 0.0010409278635592658
                }, 
                "ne:[0.9,1.2]": {
                    "value": 0.947664201259613,