{
    "Mu8LegMC": {
        "abseta_pt": {
            "abseta:[0.0,0.9]": {
                "pt:[25.0,30.0]": {
                    "value": 0.9436944723129272, 
                    "error": 0.00040222916885068115
                }, 
                "pt:[30.0,40.0]": {
                    "value": 0.9489010572433472, 
                    "error": 0.0002402276576984666
                }, 
                "pt:[40.0,50.0]": {
                    "value": 0.9494661092758179, 
                    "error": 0.00020218459478874072
                }, 
                "pt:[50.0,60.0]": {
                    "value": 0.9489619731903076, 
                    "error": 0.0005098420782402087
                }, 
                "pt:[60.0,120.0]": {
                    "value": 0.9480804204940796, 
                    "error": 0.0006097454106415675
                }, 
                "pt:[20.0,25.0]": {
                    "value": 0.9314224720001221, 
                    "error": 0.0007232909212621518
                }
            }, 
            "abseta:[1.2,2.1]": {
                "pt:[25.0,30.0]": {
                    "value": 0.9589022994041443, 
                    "error": 0.0003565480205299684
                }, 
                "pt:[30.0,40.0]": {
                    "value": 0.965142011642456, 
                    "error": 0.00019997559920904644
                }, 
                "pt:[40.0,50.0]": {
                    "value": 0.9688303470611572, 
                    "error": 0.00016993454660459395
                }, 
                "pt:[50.0,60.0]": {
                    "value": 0.9709016680717468, 
                    "error": 0.00047223710964916933
                }, 
                "pt:[60.0,120.0]": {
                    "value": 0.9709486365318298, 
                    "error": 0.0011119894956950612
                }, 
                "pt:[20.0,25.0]": {
                    "value": 0.9619547724723816, 
                    "error": 0.0005259697927523253
                }
            }, 
            "abseta:[2.1,2.4]": {
                "pt:[25.0,30.0]": {
                    "value": 0.920020341873169, 
                    "error": 0.008306846880222608
                }, 
                "pt:[30.0,40.0]": {
                    "value": 0.9241204261779785, 
                    "error": 0.00045539426956193194
                }, 
                "pt:[40.0,50.0]": {
                    "value": 0.9256858229637146, 
                    "error": 0.000479035628137719
                }, 
                "pt:[50.0,60.0]": {
                    "value": 0.9266030788421631, 
                    "error": 0.07339691660272651
                }, 
                "pt:[60.0,120.0]": {
                    "value": 0.925062894821167, 
                    "error": 0.002405674914248083
                }, 
                "pt:[20.0,25.0]": {
                    "value": 0.9227895736694336, 
                    "error": 0.0012330363580554564
                }
            }, 
            "abseta:[0.9,1.2]": {
                "pt:[25.0,30.0]": {
                    "value": 0.9697343707084656, 
                    "error": 0.00047899492696245715
                }, 
                "pt:[30.0,40.0]": {
                    "value": 0.9752317070960999, 
                    "error": 0.00024007649874404315
                }, 
                "pt:[40.0,50.0]": {
                    "value": 0.9768226742744446, 
                    "error": 0.00020157574820342408
                }, 
                "pt:[50.0,60.0]": {
                    "value": 0.9774416089057922, 
                    "error": 0.0005815677492066759
                }, 
                "pt:[60.0,120.0]": {
                    "value": 0.9767946600914001, 
                    "error": 0.0007899560517430163
                }, 
                "pt:[20.0,25.0]": {
                    "value": 0.9749441742897034, 
                    "error": 0.0008724258959622163
                }
            }
        }, 
        "pt_ne_ratio": {
            "pt:[25.0,30.0]": {
                "ne:[2.1,2.4]": {
                    "value": 0.920020341873169, 
                    "error": 0.008306846880222608
                }, 
                "ne:[1.2,2.1]": {
                    "value": 0.9589022994041443, 
                    "error": 0.0003565480205299684
                }, 
                "ne:[0.0,0.9]": {
                    "value": 0.9436944723129272, 
                    "error": 0.00040222916885068115
                }, 
                "ne:[0.9,1.2]": {
                    "value": 0.9697343707084656, 
                    "error": 0.00047899492696245715
                }
            }, 
            "pt:[30.0,40.0]": {
                "ne:[2.1,2.4]": {
                    "value": 0.9241204261779785, 
                    "error": 0.00045539426956193194
                }, 
                "ne:[1.2,2.1]": {
                    "value": 0.965142011642456, 
                    "error": 0.00019997559920904644
                }, 
                "ne:[0.0,0.9]": {
                    "value": 0.9489010572433472, 
                    "error": 0.0002402276576984666
                }, 
                "ne:[0.9,1.2]": {
                    "value": 0.9752317070960999, 
                    "error": 0.00024007649874404315
                }
            }, 
            "pt:[40.0,50.0]": {
                "ne:[2.1,2.4]": {
                    "value": 0.9256858229637146, 
                    "error": 0.000479035628137719
                }, 
                "ne:[1.2,2.1]": {
                    "value": 0.9688303470611572, 
                    "error": 0.00016993454660459395
                }, 
                "ne:[0.0,0.9]": {
                    "value": 0.9494661092758179, 
                    "error": 0.00020218459478874072
                }, 
                "ne:[0.9,1.2]": {
                    "value": 0.9768226742744446, 
                    "error": 0.00020157574820342408
                }
            }, 
            "pt:[50.0,60.0]": {
                "ne:[2.1,2.4]": {
                    "value": 0.9266030788421631, 
                    "error": 0.07339691660272651
                }, 
                "ne:[1.2,2.1]": {
                    "value": 0.9709016680717468, 
                    "error": 0.00047223710964916933
                }, 
                "ne:[0.0,0.9]": {
                    "value": 0.9489619731903076, 
                    "error": 0.0005098420782402087
                }, 
                "ne:[0.9,1.2]": {
                    "value": 0.9774416089057922, 
                    "error": 0.0005815677492066759
                }
            }, 
            "pt:[60.0,120.0]": {
                "ne:[2.1,2.4]": {
                    "value": 0.925062894821167, 
                    "error": 0.002405674914248083
                }, 
                "ne:[1.2,2.1]": {
                    "value": 0.9709486365318298, 
                    "error": 0.0011119894956950612
                }, 
                "ne:[0.0,0.9]": {
                    "value": 0.9480804204940796, 
                    "error": 0.0006097454106415675
                }, 
                "ne:[0.9,1.2]": {
                    "value": 0.9767946600914001, 
                    "error": 0.0007899560517430163
                }
            }, 
            "pt:[20.0,25.0]": {
                "ne:[2.1,2.4]": {
                    "value": 0.9227895736694336, 
                    "error": 0.0012330363580554564
                }, 
                "ne:[1.2,2.1]": {
                    "value": 0.9619547724723816, 
                    "error": 0.0005259697927523253
                }, 
                "ne:[0.0,0.9]": {
                    "value": 0.9314224720001221, 
                    "error": 0.0007232909212621518
                }, 
                "ne:[0.9,1.2]": {
                    "value": 0.9749441742897034,