{
    "Mu8Leg": {
        "abseta_pt": {
            "abseta:[0.0,0.9]": {
                "pt:[25.0,30.0]": {
                    "value": 0.9274579882621765, 
                    "error": 0.000659550935354367
                }, 
                "pt:[30.0,40.0]": {
                    "value": 0.9280362129211426, 
                    "error": 0.00015093121778823272
                }, 
                "pt:[40.0,50.0]": {
                    "value": 0.9281038641929626, 
                    "error": 0.00010567299695930397
                }, 
                "pt:[50.0,60.0]": {
                    "value": 0.9261223673820496, 
                    "error": 0.00032252951271515365
                }, 
                "pt:[60.0,120.0]": {
                    "value": 0.9252800941467285, 
                    "error": 0.0005540096525034785
                }, 
                "pt:[20.0,25.0]": {
                    "value": 0.9225252866744995, 
                    "error": 0.0011037917880526815
                }
            }, 
            "abseta:[1.2,2.1]": {
                "pt:[25.0,30.0]": {
                    "value": 0.9498721361160278, 
                    "error": 0.05012787994013146
                }, 
                "pt:[30.0,40.0]": {
                    "value": 0.9423064589500427, 
                    "error": 0.0005908906064663572
                }, 
                "pt:[40.0,50.0]": {
                    "value": 0.9578653573989868, 
                    "error": 0.00018769460642480823
                }, 
                "pt:[50.0,60.0]": {
                    "value": 0.9585763216018677, 
                    "error": 0.00039655449809994516
                }, 
                "pt:[60.0,120.0]": {
                    "value": 0.9592464566230774, 
                    "error": 0.0009076111550747074
                }, 
                "pt:[20.0,25.0]": {
                    "value": 0.9491097927093506, 
                    "error": 0.0005969512829543075
                }
            }, 
            "abseta:[2.1,2.4]": {
                "pt:[25.0,30.0]": {
                    "value": 0.9172616600990295, 
                    "error": 0.0009330913521720914
                }, 
                "pt:[30.0,40.0]": {
                    "value": 0.9205236434936523, 
                    "error": 0.0003279545843212772
                }, 
                "pt:[40.0,50.0]": {
                    "value": 0.9200258255004883, 
                    "error": 0.00045632678913629766
                }, 
                "pt:[50.0,60.0]": {
                    "value": 0.9175704121589661, 
                    "error": 0.0015330635640960907
                }, 
                "pt:[60.0,120.0]": {
                    "value": 0.9143874645233154, 
                    "error": 0.0027870870109414437
                }, 
                "pt:[20.0,25.0]": {
                    "value": 0.9233849048614502, 
                    "error": 0.001498097290813161
                }
            }, 
            "abseta:[0.9,1.2]": {
                "pt:[25.0,30.0]": {
                    "value": 0.9443064332008362, 
                    "error": 0.0007111568386897056
                }, 
                "pt:[30.0,40.0]": {
                    "value": 0.94476318359375, 
                    "error": 0.0002631537535379111
                }, 
                "pt:[40.0,50.0]": {
                    "value": 0.9456613063812256, 
                    "error": 0.00018919627001338625
                }, 
                "pt:[50.0,60.0]": {
                    "value": 0.9448219537734985, 
                    "error": 0.0005813655604477449
                }, 
                "pt:[60.0,120.0]": {
                    "value": 0.9404182434082031, 
                    "error": 0.001151110809058469
                }, 
                "pt:[20.0,25.0]": {
                    "value": 0.9480307698249817, 
                    "error": 0.0014066675436847538
                }
            }
        }, 
        "pt_ne_ratio": {
            "pt:[25.0,30.0]": {
                "ne:[2.1,2.4]": {
                    "value": 0.9172616600990295, 
                    "error": 0.0009330913521720914
                }, 
                "ne:[1.2,2.1]": {
                    "value": 0.9498721361160278, 
                    "error": 0.05012787994013146
                }, 
                "ne:[0.0,0.9]": {
                    "value": 0.9274579882621765, 
                    "error": 0.000659550935354367
                }, 
                "ne:[0.9,1.2]": {
                    "value": 0.9443064332008362, 
                    "error": 0.0007111568386897056
                }
            }, 
            "pt:[30.0,40.0]": {
                "ne:[2.1,2.4]": {
                    "value": 0.9205236434936523, 
                    "error": 0.0003279545843212772
                }, 
                "ne:[1.2,2.1]": {
                    "value": 0.9423064589500427, 
                    "error": 0.0005908906064663572
                }, 
                "ne:[0.0,0.9]": {
                    "value": 0.9280362129211426, 
                    "error": 0.00015093121778823272
                }, 
                "ne:[0.9,1.2]": {
                    "value": 0.94476318359375, 
                    "error": 0.0002631537535379111
                }
            }, 
            "pt:[40.0,50.0]": {
                "ne:[2.1,2.4]": {
                    "value": 0.9200258255004883, 
                    "error": 0.00045632678913629766
                }, 
                "ne:[1.2,2.1]": {
                    "value": 0.9578653573989868, 
                    "error": 0.00018769460642480823
                }, 
                "ne:[0.0,0.9]": {
                    "value": 0.9281038641929626, 
                    "error": 0.00010567299695930397
                }, 
                "ne:[0.9,1.2]": {
                    "value": 0.9456613063812256, 
                    "error": 0.00018919627001338625
                }
            }, 
            "pt:[50.0,60.0]": {
                "ne:[2.1,2.4]": {
                    "value": 0.9175704121589661, 
                    "error": 0.0015330635640960907
                }, 
                "ne:[1.2,2.1]": {
                    "value": 0.9585763216018677, 
                    "error": 0.00039655449809994516
                }, 
                "ne:[0.0,0.9]": {
                    "value": 0.9261223673820496, 
                    "error": 0.00032252951271515365
                }, 
                "ne:[0.9,1.2]": {
                    "value": 0.9448219537734985, 
                    "error": 0.0005813655604477449
                }
            }, 
            "pt:[60.0,120.0]": {
                "ne:[2.1,2.4]": {
                    "value": 0.9143874645233154, 
                    "error": 0.0027870870109414437
                }, 
                "ne:[1.2,2.1]": {
                    "value": 0.9592464566230774, 
                    "error": 0.0009076111550747074
                }, 
                "ne:[0.0,0.9]": {
                    "value": 0.9252800941467285, 
                    "error": 0.0005540096525034785
                }, 
                "ne:[0.9,1.2]": {
                    "value": 0.9404182434082031, 
                    "error": 0.001151110809058469
                }
            }, 
            "pt:[20.0,25.0]": {
                "ne:[2.1,2.4]": {
                    "value": 0.9233849048614502, 
                    "error": 0.001498097290813161
                }, 
                "ne:[1.2,2.1]": {
                    "value": 0.9491097927093506, 
                    "error": 0.0005969512829543075
                }, 
                "ne:[0.0,0.9]": {
                    "value": 0.9225252866744995, 
                    "error": 0.0011037917880526815
                }, 
                "ne:[0.9,1.2]": {
                    "value": 0.9480307698249817,