{
    "NUM_hlt_Mu17Mu8_leg8_DEN_LooseIDnISO": {
        "abseta_pt": {
            "abseta:[1.20,2.10]": {
                "pt:[55.00,60.00]": {
                    "value": 0.9387851933546879, 
                    "error": 0.0005132966913030418
                }, 
                "pt:[20.00,25.00]": {
                    "value": 0.9302684652724973, 
                    "error": 0.00047106819676614477
                }, 
                "pt:[40.00,45.00]": {
                    "value": 0.9355046706425736, 
                    "error": 0.00016799864842875916
                }, 
                "pt:[50.00,55.00]": {
                    "value": 0.9377700458361091, 
                    "error": 0.00033664823480680333
                }, 
                "pt:[25.00,30.00]": {
                    "value": 0.9307463157897453, 
                    "error": 0.0003229284484314692
                }, 
                "pt:[45.00,50.00]": {
                    "value": 0.9372141339823378, 
                    "error": 0.00020688067790292097
                }, 
                "pt:[120.00,200.00]": {
                    "value": 0.9372823701359816, 
                    "error": 0.0034710552968691835
                }, 
                "pt:[60.00,80.00]": {
                    "value": 0.9386618158232372, 
                    "error": 0.0005095049000262907
                }, 
                "pt:[80.00,120.00]": {
                    "value": 0.939610822752663, 
                    "error": 0.001349449528675629
                }, 
                "pt:[30.00,40.00]": {
                    "value": 0.9321489782041966, 
                    "error": 0.000151702526576422
                }
            }, 
            "abseta:[2.10,2.40]": {
                "pt:[55.00,60.00]": {
                    "value": 0.9181019521625473, 
                    "error": 0.0013933652125308685
                }, 
                "pt:[20.00,25.00]": {
                    "value": 0.9153340543313777, 
                    "error": 0.0009316968214065168
                }, 
                "pt:[40.00,45.00]": {
                    "value": 0.921040502547596, 
                    "error": 0.00041784892807657215
                }, 
                "pt:[50.00,55.00]": {
                    "value": 0.9191829384080858, 
                    "error": 0.000880809326352368
                }, 
                "pt:[25.00,30.00]": {
                    "value": 0.916332565480084, 
                    "error": 0.0006647719924577857
                }, 
                "pt:[45.00,50.00]": {
                    "value": 0.921637487106595, 
                    "error": 0.000547992146527335
                }, 
                "pt:[120.00,200.00]": {
                    "value": 0.8993883597953631, 
                    "error": 0.011001502181125342
                }, 
                "pt:[60.00,80.00]": {
                    "value": 0.9182233030332096, 
                    "error": 0.001426896086980584
                }, 
                "pt:[80.00,120.00]": {
                    "value": 0.9195909406144009, 
                    "error": 0.0037656400111444354
                }, 
                "pt:[30.00,40.00]": {
                    "value": 0.9191450649361437, 
                    "error": 0.0003335412424286165
                }
            }, 
            "abseta:[0.90,1.20]": {
                "pt:[55.00,60.00]": {
                    "value": 0.9355531375160111, 
                    "error": 0.0007452480657689168
                }, 
                "pt:[20.00,25.00]": {
                    "value": 0.9305555943870046, 
                    "error": 0.0008732295050822679
                }, 
                "pt:[40.00,45.00]": {
                    "value": 0.9361692050267971, 
                    "error": 0.00022672047554373235
                }, 
                "pt:[50.00,55.00]": {
                    "value": 0.9353799653302564, 
                    "error": 0.0004889491002605624
                }, 
                "pt:[25.00,30.00]": {
                    "value": 0.934126843198733, 
                    "error": 0.0005509178083751766
                }, 
                "pt:[45.00,50.00]": {
                    "value": 0.9358469811120305, 
                    "error": 0.0002997017457051873
                }, 
                "pt:[120.00,200.00]": {
                    "value": 0.9202265536269538, 
                    "error": 0.005090695198486341
                }, 
                "pt:[60.00,80.00]": {
                    "value": 0.9326227576256056, 
                    "error": 0.0007441042834979226
                }, 
                "pt:[80.00,120.00]": {
                    "value": 0.9300866515836403, 
                    "error": 0.002018540160923196
                }, 
                "pt:[30.00,40.00]": {
                    "value": 0.9357417145651398, 
                    "error": 0.0002265172237068492
                }
            }, 
            "abseta:[0.00,0.90]": {
                "pt:[55.00,60.00]": {
                    "value": 0.918641893703789, 
                    "error": 0.0004299835039107922
                }, 
                "pt:[20.00,25.00]": {
                    "value": 0.9234154819582707, 
                    "error": 0.000534459430251635
                }, 
                "pt:[40.00,45.00]": {
                    "value": 0.9223911875277571, 
                    "error": 0.00014006177526011782
                }, 
                "pt:[50.00,55.00]": {
                    "value": 0.9196339998076069, 
                    "error": 0.00025937715829613546
                }, 
                "pt:[25.00,30.00]": {
                    "value": 0.9238156357087408, 
                    "error": 0.00032723992579146096
                }, 
                "pt:[45.00,50.00]": {
                    "value": 0.9212210362393252, 
                    "error": 0.0001813946574718678
                }, 
                "pt:[120.00,200.00]": {
                    "value": 0.9072100789229292, 
                    "error": 0.003005657254816387
                }, 
                "pt:[60.00,80.00]": {
                    "value": 0.9159138603493681, 
                    "error": 0.0004274996576953537
                }, 
                "pt:[80.00,120.00]": {
                    "value": 0.9133210266858929, 
                    "error": 0.001131686023971013
                }, 
                "pt:[30.00,40.00]": {
                    "value": 0.9236330184436004, 
                    "error": 0.00013156232553509012
                }
            }
        }
    }
}