{
    "NUM_hlt_Mu17Mu8_leg17_DEN_LooseIDnISO": {
        "abseta_pt": {
            "abseta:[1.20,2.10]": {
                "pt:[55.00,60.00]": {
                    "value": 0.9565331536207551, 
                    "error": 0.0007115319696968965
                }, 
                "pt:[20.00,25.00]": {
                    "value": 0.946187912467144, 
                    "error": 0.0006350866108715116
                }, 
                "pt:[40.00,45.00]": {
                    "value": 0.9495874643516555, 
                    "error": 0.00020898466459499094
                }, 
                "pt:[50.00,55.00]": {
                    "value": 0.9552973930948252, 
                    "error": 0.0004372285479535648
                }, 
                "pt:[25.00,30.00]": {
                    "value": 0.9465406240316102, 
                    "error": 0.0004242238292447221
                }, 
                "pt:[45.00,50.00]": {
                    "value": 0.9525599307914383, 
                    "error": 0.000257958322184899
                }, 
                "pt:[120.00,200.00]": {
                    "value": 0.9528637434445402, 
                    "error": 0.004412404368153029
                }, 
                "pt:[60.00,80.00]": {
                    "value": 0.9576255666030369, 
                    "error": 0.0006859565820303977
                }, 
                "pt:[80.00,120.00]": {
                    "value": 0.9554771268488467, 
                    "error": 0.010387384038153858
                }, 
                "pt:[30.00,40.00]": {
                    "value": 0.9450923672498104, 
                    "error": 0.00019649542854577925
                }
            }, 
            "abseta:[2.10,2.40]": {
                "pt:[55.00,60.00]": {
                    "value": 0.9449765736838306, 
                    "error": 0.0018294025129002855
                }, 
                "pt:[20.00,25.00]": {
                    "value": 0.9413659440580794, 
                    "error": 0.0010999268849781895
                }, 
                "pt:[40.00,45.00]": {
                    "value": 0.945980385214271, 
                    "error": 0.000491178372233128
                }, 
                "pt:[50.00,55.00]": {
                    "value": 0.9409924307393646, 
                    "error": 0.001174759749795198
                }, 
                "pt:[25.00,30.00]": {
                    "value": 0.9416600856996091, 
                    "error": 0.0007890876822879661
                }, 
                "pt:[45.00,50.00]": {
                    "value": 0.9451477422726862, 
                    "error": 0.0007206501859300326
                }, 
                "pt:[120.00,200.00]": {
                    "value": 0.9071838948745687, 
                    "error": 0.01743299444600669
                }, 
                "pt:[60.00,80.00]": {
                    "value": 0.9449815982677872, 
                    "error": 0.001962360366800273
                }, 
                "pt:[80.00,120.00]": {
                    "value": 0.9270271623026762, 
                    "error": 0.0060501564553874605
                }, 
                "pt:[30.00,40.00]": {
                    "value": 0.94490144951935, 
                    "error": 0.0003943771060508205
                }
            }, 
            "abseta:[0.90,1.20]": {
                "pt:[55.00,60.00]": {
                    "value": 0.9700236179985755, 
                    "error": 0.0008123291763544734
                }, 
                "pt:[20.00,25.00]": {
                    "value": 0.9605243190491557, 
                    "error": 0.0010216491561064356
                }, 
                "pt:[40.00,45.00]": {
                    "value": 0.9701551719673578, 
                    "error": 0.00023569550921030092
                }, 
                "pt:[50.00,55.00]": {
                    "value": 0.9712239794636826, 
                    "error": 0.0005104270651389739
                }, 
                "pt:[25.00,30.00]": {
                    "value": 0.9667717698326542, 
                    "error": 0.0006029774309916123
                }, 
                "pt:[45.00,50.00]": {
                    "value": 0.9711845587358254, 
                    "error": 0.00029315549139115977
                }, 
                "pt:[120.00,200.00]": {
                    "value": 0.9501961571123838, 
                    "error": 0.006268303089741812
                }, 
                "pt:[60.00,80.00]": {
                    "value": 0.9699235091821536, 
                    "error": 0.0008119478085009904
                }, 
                "pt:[80.00,120.00]": {
                    "value": 0.9670715305855954, 
                    "error": 0.0021035963054568388
                }, 
                "pt:[30.00,40.00]": {
                    "value": 0.9691220672380605, 
                    "error": 0.0002288068123484208
                }
            }, 
            "abseta:[0.00,0.90]": {
                "pt:[55.00,60.00]": {
                    "value": 0.9514951186716004, 
                    "error": 0.0005428973918910049
                }, 
                "pt:[20.00,25.00]": {
                    "value": 0.9539803892793962, 
                    "error": 0.0006313306916226153
                }, 
                "pt:[40.00,45.00]": {
                    "value": 0.9535648187684982, 
                    "error": 0.01087873512899666
                }, 
                "pt:[50.00,55.00]": {
                    "value": 0.9522350334657483, 
                    "error": 0.0003376391328796275
                }, 
                "pt:[25.00,30.00]": {
                    "value": 0.9548684803779477, 
                    "error": 0.0003723243644071126
                }, 
                "pt:[45.00,50.00]": {
                    "value": 0.953273083590159, 
                    "error": 0.00019384325612595648
                }, 
                "pt:[120.00,200.00]": {
                    "value": 0.9417154794406024, 
                    "error": 0.006246159921299679
                }, 
                "pt:[60.00,80.00]": {
                    "value": 0.949655143501271, 
                    "error": 0.0005352099723529385
                }, 
                "pt:[80.00,120.00]": {
                    "value": 0.9492996834698371, 
                    "error": 0.0013910627849992615
                }, 
                "pt:[30.00,40.00]": {
                    "value": 0.9541313228507343, 
                    "error": 0.00014776745353777088
                }
            }
        }
    }
}