{
    "NUM_hlt_Mu17Mu8_leg8_DEN_LooseIDnISO": {
        "abseta_pt": {
            "abseta:[1.20,2.10]": {
                "pt:[55.00,60.00]": {
                    "value": 0.9567038980781578, 
                    "error": 0.0007091379585273705
                }, 
                "pt:[20.00,25.00]": {
                    "value": 0.9477996681883356, 
                    "error": 0.0006278242234459074
                }, 
                "pt:[40.00,45.00]": {
                    "value": 0.9497756812418149, 
                    "error": 0.00020904163174838148
                }, 
                "pt:[50.00,55.00]": {
                    "value": 0.9554810676979844, 
                    "error": 0.0004363531003855879
                }, 
                "pt:[25.00,30.00]": {
                    "value": 0.9471435465963112, 
                    "error": 0.000421826588873252
                }, 
                "pt:[45.00,50.00]": {
                    "value": 0.9527744576961705, 
                    "error": 0.0002570292150347438
                }, 
                "pt:[120.00,200.00]": {
                    "value": 0.9528637434445402, 
                    "error": 0.004412404368153029
                }, 
                "pt:[60.00,80.00]": {
                    "value": 0.9577074147968228, 
                    "error": 0.0006854539199575621
                }, 
                "pt:[80.00,120.00]": {
                    "value": 0.9554771268488467, 
                    "error": 0.010387384038153858
                }, 
                "pt:[30.00,40.00]": {
                    "value": 0.9453884706147646, 
                    "error": 0.00019596579232549478
                }
            }, 
            "abseta:[2.10,2.40]": {
                "pt:[55.00,60.00]": {
                    "value": 0.9462213805407047, 
                    "error": 0.0018087654790018995
                }, 
                "pt:[20.00,25.00]": {
                    "value": 0.9439976018192396, 
                    "error": 0.0010766236958960746
                }, 
                "pt:[40.00,45.00]": {
                    "value": 0.946655836789428, 
                    "error": 0.00048823461618613504
                }, 
                "pt:[50.00,55.00]": {
                    "value": 0.9416008885975997, 
                    "error": 0.0011702192230892373
                }, 
                "pt:[25.00,30.00]": {
                    "value": 0.9432635472531614, 
                    "error": 0.0007812259980412116
                }, 
                "pt:[45.00,50.00]": {
                    "value": 0.9458389148342529, 
                    "error": 0.0006434506754456728
                }, 
                "pt:[120.00,200.00]": {
                    "value": 0.9071838948745687, 
                    "error": 0.01743299444600669
                }, 
                "pt:[60.00,80.00]": {
                    "value": 0.9453002794384135, 
                    "error": 0.0019590069417154466
                }, 
                "pt:[80.00,120.00]": {
                    "value": 0.9267347615583714, 
                    "error": 0.006119945234456092
                }, 
                "pt:[30.00,40.00]": {
                    "value": 0.9458037774617267, 
                    "error": 0.0003917726745257403
                }
            }, 
            "abseta:[0.90,1.20]": {
                "pt:[55.00,60.00]": {
                    "value": 0.9702290699620926, 
                    "error": 0.0008091259763339892
                }, 
                "pt:[20.00,25.00]": {
                    "value": 0.9633059778280073, 
                    "error": 0.0009813329589466971
                }, 
                "pt:[40.00,45.00]": {
                    "value": 0.970480198749097, 
                    "error": 0.00023435327410342168
                }, 
                "pt:[50.00,55.00]": {
                    "value": 0.9714454873798171, 
                    "error": 0.0005088994939644601
                }, 
                "pt:[25.00,30.00]": {
                    "value": 0.9682842713569474, 
                    "error": 0.0005920614417256675
                }, 
                "pt:[45.00,50.00]": {
                    "value": 0.9714026295905094, 
                    "error": 0.0002919485741897486
                }, 
                "pt:[120.00,200.00]": {
                    "value": 0.9501961571123838, 
                    "error": 0.006268303089741812
                }, 
                "pt:[60.00,80.00]": {
                    "value": 0.9701266481643791, 
                    "error": 0.0008090780689863275
                }, 
                "pt:[80.00,120.00]": {
                    "value": 0.9670715305855954, 
                    "error": 0.0021035963054568388
                }, 
                "pt:[30.00,40.00]": {
                    "value": 0.9696407325179854, 
                    "error": 0.00022666371250153316
                }
            }, 
            "abseta:[0.00,0.90]": {
                "pt:[55.00,60.00]": {
                    "value": 0.9515065144690369, 
                    "error": 0.0005427581173744966
                }, 
                "pt:[20.00,25.00]": {
                    "value": 0.9540442251208505, 
                    "error": 0.0006306768749319479
                }, 
                "pt:[40.00,45.00]": {
                    "value": 0.9535739368038354, 
                    "error": 0.0001541093467617852
                }, 
                "pt:[50.00,55.00]": {
                    "value": 0.9522429530766161, 
                    "error": 0.000337600565657162
                }, 
                "pt:[25.00,30.00]": {
                    "value": 0.954891695005145, 
                    "error": 0.0003722287658944266
                }, 
                "pt:[45.00,50.00]": {
                    "value": 0.9532916719946183, 
                    "error": 0.00019380062270930596
                }, 
                "pt:[120.00,200.00]": {
                    "value": 0.9417154794406024, 
                    "error": 0.006246159921299679
                }, 
                "pt:[60.00,80.00]": {
                    "value": 0.949655143501271, 
                    "error": 0.0005352099723529385
                }, 
                "pt:[80.00,120.00]": {
                    "value": 0.9492996834698371, 
                    "error": 0.0013910627849992615
                }, 
                "pt:[30.00,40.00]": {
                    "value": 0.954157000057613, 
                    "error": 0.00014772462644408585
                }
            }
        }
    }
}