{
    "NUM_hlt_Mu17Mu8_leg17_DEN_LooseIDnISO": {
        "abseta_pt": {
            "abseta:[1.20,2.10]": {
                "pt:[55.00,60.00]": {
                    "value": 0.9355496028416574, 
                    "error": 0.0005253934863670433
                }, 
                "pt:[20.00,25.00]": {
                    "value": 0.9133728960563068, 
                    "error": 0.0005147968522356194
                }, 
                "pt:[40.00,45.00]": {
                    "value": 0.9313878189334813, 
                    "error": 0.00017272951304546784
                }, 
                "pt:[50.00,55.00]": {
                    "value": 0.9344612162899537, 
                    "error": 0.0003445155264417476
                }, 
                "pt:[25.00,30.00]": {
                    "value": 0.9207551848309898, 
                    "error": 0.0003432820137582808
                }, 
                "pt:[45.00,50.00]": {
                    "value": 0.9335784746993048, 
                    "error": 0.00019559688685971701
                }, 
                "pt:[120.00,200.00]": {
                    "value": 0.9352622995825115, 
                    "error": 0.0035475226972884787
                }, 
                "pt:[60.00,80.00]": {
                    "value": 0.9356448830037363, 
                    "error": 0.0005203611310243411
                }, 
                "pt:[80.00,120.00]": {
                    "value": 0.936672909692896, 
                    "error": 0.0013848556714503284
                }, 
                "pt:[30.00,40.00]": {
                    "value": 0.9261538292952579, 
                    "error": 0.00015759054770454178
                }
            }, 
            "abseta:[2.10,2.40]": {
                "pt:[55.00,60.00]": {
                    "value": 0.8911714552314027, 
                    "error": 0.0015633299706304974
                }, 
                "pt:[20.00,25.00]": {
                    "value": 0.8252640572485619, 
                    "error": 0.0012587861592785468
                }, 
                "pt:[40.00,45.00]": {
                    "value": 0.8829714236076647, 
                    "error": 0.0004952605471266184
                }, 
                "pt:[50.00,55.00]": {
                    "value": 0.8894523936723874, 
                    "error": 0.0010077318206226833
                }, 
                "pt:[25.00,30.00]": {
                    "value": 0.8484922746863925, 
                    "error": 0.0008386529846566109
                }, 
                "pt:[45.00,50.00]": {
                    "value": 0.8876146769638742, 
                    "error": 0.0006363530019936809
                }, 
                "pt:[120.00,200.00]": {
                    "value": 0.8800133020528109, 
                    "error": 0.012059930298750706
                }, 
                "pt:[60.00,80.00]": {
                    "value": 0.8950740865144134, 
                    "error": 0.0015903150381858368
                }, 
                "pt:[80.00,120.00]": {
                    "value": 0.8986923213670261, 
                    "error": 0.004184208838299613
                }, 
                "pt:[30.00,40.00]": {
                    "value": 0.8695141918097284, 
                    "error": 0.0004069442461301095
                }
            }, 
            "abseta:[0.90,1.20]": {
                "pt:[55.00,60.00]": {
                    "value": 0.9344962861112611, 
                    "error": 0.0007506084634173535
                }, 
                "pt:[20.00,25.00]": {
                    "value": 0.925697975964981, 
                    "error": 0.0009000532682474222
                }, 
                "pt:[40.00,45.00]": {
                    "value": 0.9345973080159307, 
                    "error": 0.00024420264616443777
                }, 
                "pt:[50.00,55.00]": {
                    "value": 0.9340183474671018, 
                    "error": 0.0004931918305111028
                }, 
                "pt:[25.00,30.00]": {
                    "value": 0.9312676119452732, 
                    "error": 0.0005613240393541462
                }, 
                "pt:[45.00,50.00]": {
                    "value": 0.9343779900552227, 
                    "error": 0.0003028472393478734
                }, 
                "pt:[120.00,200.00]": {
                    "value": 0.9202265536269538, 
                    "error": 0.005090695198486341
                }, 
                "pt:[60.00,80.00]": {
                    "value": 0.9315564133208343, 
                    "error": 0.0007497200787840667
                }, 
                "pt:[80.00,120.00]": {
                    "value": 0.9289353527302104, 
                    "error": 0.0020342289294049652
                }, 
                "pt:[30.00,40.00]": {
                    "value": 0.9337876681418096, 
                    "error": 0.00022971274451766895
                }
            }, 
            "abseta:[0.00,0.90]": {
                "pt:[55.00,60.00]": {
                    "value": 0.9180952018032227, 
                    "error": 0.0004312783751774256
                }, 
                "pt:[20.00,25.00]": {
                    "value": 0.9224663511378528, 
                    "error": 0.0005376934945931462
                }, 
                "pt:[40.00,45.00]": {
                    "value": 0.9218425562228332, 
                    "error": 0.00014031954471224552
                }, 
                "pt:[50.00,55.00]": {
                    "value": 0.9190854873065242, 
                    "error": 0.0002817385227704033
                }, 
                "pt:[25.00,30.00]": {
                    "value": 0.923141784088746, 
                    "error": 0.0003285269017550184
                }, 
                "pt:[45.00,50.00]": {
                    "value": 0.9206325680552, 
                    "error": 0.00017363754108876345
                }, 
                "pt:[120.00,200.00]": {
                    "value": 0.9069167516059109, 
                    "error": 0.0030106839987060798
                }, 
                "pt:[60.00,80.00]": {
                    "value": 0.9153580098937198, 
                    "error": 0.0004287056511192198
                }, 
                "pt:[80.00,120.00]": {
                    "value": 0.9129080711878688, 
                    "error": 0.0011338115703557127
                }, 
                "pt:[30.00,40.00]": {
                    "value": 0.9230365974606789, 
                    "error": 0.00013202201792042825
                }
            }
        }
    }
}