{
    "TRGIsoMu27TRG2017": {
        "abseta_pt": {
            "abseta:[0.0,0.9]": {
                "pt:[25.0,30.0]": {
                    "value": 0.9537375569343567, 
                    "error": 0.0002246915258287182
                }, 
                "pt:[30.0,40.0]": {
                    "value": 0.9750781655311584, 
                    "error": 0.0004357867072028811
                }, 
                "pt:[40.0,50.0]": {
                    "value": 0.9665815234184265, 
                    "error": 0.0003653726517187853
                }, 
                "pt:[50.0,60.0]": {
                    "value": 0.9630532264709473, 
                    "error": 0.000813423713085676
                }, 
                "pt:[60.0,120.0]": {
                    "value": 0.9621200561523438, 
                    "error": 0.00010569364121226943
                }, 
                "pt:[20.0,25.0]": {
                    "value": 9.835225105285645, 
                    "error": 0.00015426954856928
                }
            }, 
            "abseta:[1.2,2.1]": {
                "pt:[25.0,30.0]": {
                    "value": 0.9782781600952148, 
                    "error": 0.00025920933267239723
                }, 
                "pt:[30.0,40.0]": {
                    "value": 0.9967727065086365, 
                    "error": 0.00058976455048831
                }, 
                "pt:[40.0,50.0]": {
                    "value": 0.9903104901313782, 
                    "error": 0.0005026534228618366
                }, 
                "pt:[50.0,60.0]": {
                    "value": 0.9841389060020447, 
                    "error": 0.00014014888610827496
                }, 
                "pt:[60.0,120.0]": {
                    "value": 0.9799461364746094, 
                    "error": 0.0001935509221095527
                }, 
                "pt:[20.0,25.0]": {
                    "value": 1.6056400537490845, 
                    "error": 0.0001805704148157467
                }
            }, 
            "abseta:[2.1,2.4]": {
                "pt:[25.0,30.0]": {
                    "value": 0.8244568109512329, 
                    "error": 0.00038347582472122903
                }, 
                "pt:[30.0,40.0]": {
                    "value": 0.8985605239868164, 
                    "error": 0.00011501139315650984
                }, 
                "pt:[40.0,50.0]": {
                    "value": 0.9152021408081055, 
                    "error": 0.0001586649352166792
                }, 
                "pt:[50.0,60.0]": {
                    "value": 0.9257287979125977, 
                    "error": 0.0004470529140451464
                }, 
                "pt:[60.0,120.0]": {
                    "value": 0.9459622502326965, 
                    "error": 0.0008123867278610876
                }, 
                "pt:[20.0,25.0]": {
                    "value": 2.234076976776123, 
                    "error": 0.0001756399707591537
                }
            }, 
            "abseta:[0.9,1.2]": {
                "pt:[25.0,30.0]": {
                    "value": 0.9409788250923157, 
                    "error": 0.0004040335656807965
                }, 
                "pt:[30.0,40.0]": {
                    "value": 0.9523926973342896, 
                    "error": 0.0007759597424577893
                }, 
                "pt:[40.0,50.0]": {
                    "value": 0.9440513849258423, 
                    "error": 0.0005440776641889539
                }, 
                "pt:[50.0,60.0]": {
                    "value": 0.9413725733757019, 
                    "error": 0.00011440451925072445
                }, 
                "pt:[60.0,120.0]": {
                    "value": 0.9354948997497559, 
                    "error": 0.00021909099513210068
                }, 
                "pt:[20.0,25.0]": {
                    "value": 0.5184380412101746, 
                    "error": 0.00011965241160404838
                }
            }
        }, 
        "pt_ne_ratio": {
            "pt:[25.0,30.0]": {
                "ne:[2.1,2.4]": {
                    "value": 0.8244568109512329, 
                    "error": 0.00038347582472122903
                }, 
                "ne:[1.2,2.1]": {
                    "value": 0.9782781600952148, 
                    "error": 0.00025920933267239723
                }, 
                "ne:[0.0,0.9]": {
                    "value": 0.9537375569343567, 
                    "error": 0.0002246915258287182
                }, 
                "ne:[0.9,1.2]": {
                    "value": 0.9409788250923157, 
                    "error": 0.0004040335656807965
                }
            }, 
            "pt:[30.0,40.0]": {
                "ne:[2.1,2.4]": {
                    "value": 0.8985605239868164, 
                    "error": 0.00011501139315650984
                }, 
                "ne:[1.2,2.1]": {
                    "value": 0.9967727065086365, 
                    "error": 0.00058976455048831
                }, 
                "ne:[0.0,0.9]": {
                    "value": 0.9750781655311584, 
                    "error": 0.0004357867072028811
                }, 
                "ne:[0.9,1.2]": {
                    "value": 0.9523926973342896, 
                    "error": 0.0007759597424577893
                }
            }, 
            "pt:[40.0,50.0]": {
                "ne:[2.1,2.4]": {
                    "value": 0.9152021408081055, 
                    "error": 0.0001586649352166792
                }, 
                "ne:[1.2,2.1]": {
                    "value": 0.9903104901313782, 
                    "error": 0.0005026534228618366
                }, 
                "ne:[0.0,0.9]": {
                    "value": 0.9665815234184265, 
                    "error": 0.0003653726517187853
                }, 
                "ne:[0.9,1.2]": {
                    "value": 0.9440513849258423, 
                    "error": 0.0005440776641889539
                }
            }, 
            "pt:[50.0,60.0]": {
                "ne:[2.1,2.4]": {
                    "value": 0.9257287979125977, 
                    "error": 0.004470529140451464
                }, 
                "ne:[1.2,2.1]": {
                    "value": 0.9841389060020447, 
                    "error": 0.00014014888610827496
                }, 
                "ne:[0.0,0.9]": {
                    "value": 0.9630532264709473, 
                    "error": 0.000813423713085676
                }, 
                "ne:[0.9,1.2]": {
                    "value": 0.9413725733757019, 
                    "error": 0.00011440451925072445
                }
            }, 
            "pt:[60.0,120.0]": {
                "ne:[2.1,2.4]": {
                    "value": 0.9459622502326965, 
                    "error": 0.0008123867278610876
                }, 
                "ne:[1.2,2.1]": {
                    "value": 0.9799461364746094, 
                    "error": 0.0001935509221095527
                }, 
                "ne:[0.0,0.9]": {
                    "value": 0.9621200561523438, 
                    "error": 0.00010569364121226943
                }, 
                "ne:[0.9,1.2]": {
                    "value": 0.9354948997497559, 
                    "error": 0.00021909099513210068
                }
            }, 
            "pt:[20.0,25.0]": {
                "ne:[2.1,2.4]": {
                    "value": 2.234076976776123, 
                    "error": 0.0001756399707591537
                }, 
                "ne:[1.2,2.1]": {
                    "value": 1.6056400537490845, 
                    "error": 0.0001805704148157467
                }, 
                "ne:[0.0,0.9]": {
                    "value": 9.835225105285645, 
                    "error": 0.0015426954856928
                }, 
                "ne:[0.9,1.2]": {
                    "value": 0.5184380412101746,