{
    "Mu8LegTRG2017Data": {
        "abseta_pt": {
            "abseta:[0.0,0.9]": {
                "pt:[25.0,30.0]": {
                    "value": 0.9167943596839905, 
                    "error": 0.0005020871928031105
                }, 
                "pt:[30.0,40.0]": {
                    "value": 0.9197860360145569, 
                    "error": 0.0001854660565533426
                }, 
                "pt:[40.0,50.0]": {
                    "value": 0.9205132722854614, 
                    "error": 0.00013675841189182973
                }, 
                "pt:[50.0,60.0]": {
                    "value": 0.9180293679237366, 
                    "error": 0.0003937632044235669
                }, 
                "pt:[60.0,120.0]": {
                    "value": 0.9160794615745544, 
                    "error": 0.0007232863957747058
                }, 
                "pt:[20.0,25.0]": {
                    "value": 0.9111248850822449, 
                    "error": 0.00010520499508682815
                }
            }, 
            "abseta:[1.2,2.1]": {
                "pt:[25.0,30.0]": {
                    "value": 0.9288444519042969, 
                    "error": 0.0004738118338715401
                }, 
                "pt:[30.0,40.0]": {
                    "value": 0.9317083358764648, 
                    "error": 0.00017828251987872523
                }, 
                "pt:[40.0,50.0]": {
                    "value": 0.9368026852607727, 
                    "error": 0.0006396802680672421
                }, 
                "pt:[50.0,60.0]": {
                    "value": 0.9396637082099915, 
                    "error": 0.0005165829653727531
                }, 
                "pt:[60.0,120.0]": {
                    "value": 0.9387055039405823, 
                    "error": 0.0008840035384163403
                }, 
                "pt:[20.0,25.0]": {
                    "value": 0.9309139847755432, 
                    "error": 0.0008435202817737048
                }
            }, 
            "abseta:[2.1,2.4]": {
                "pt:[25.0,30.0]": {
                    "value": 0.9132178425788879, 
                    "error": 0.0009617937325052746
                }, 
                "pt:[30.0,40.0]": {
                    "value": 0.9162100553512573, 
                    "error": 0.0008378994339515233
                }, 
                "pt:[40.0,50.0]": {
                    "value": 0.9190550446510315, 
                    "error": 0.00046256080617848854
                }, 
                "pt:[50.0,60.0]": {
                    "value": 0.9215500950813293, 
                    "error": 0.00017318793096302444
                }, 
                "pt:[60.0,120.0]": {
                    "value": 0.9246701002120972, 
                    "error": 0.00031646888343274115
                }, 
                "pt:[20.0,25.0]": {
                    "value": 0.9116629958152771, 
                    "error": 0.0001658535871976873
                }
            }, 
            "abseta:[0.9,1.2]": {
                "pt:[25.0,30.0]": {
                    "value": 0.9319077134132385, 
                    "error": 0.0008543761907990935
                }, 
                "pt:[30.0,40.0]": {
                    "value": 0.933291494846344, 
                    "error": 0.0006670849978878024
                }, 
                "pt:[40.0,50.0]": {
                    "value": 0.9357845783233643, 
                    "error": 0.0002048871273101928
                }, 
                "pt:[50.0,60.0]": {
                    "value": 0.9361910820007324, 
                    "error": 0.0007142853494664963
                }, 
                "pt:[60.0,120.0]": {
                    "value": 0.932818591594696, 
                    "error": 0.00014563116152109803
                }, 
                "pt:[20.0,25.0]": {
                    "value": 0.9332403540611267, 
                    "error": 0.00016862242140535256
                }
            }
        }, 
        "pt_ne_ratio": {
            "pt:[25.0,30.0]": {
                "ne:[2.1,2.4]": {
                    "value": 0.9132178425788879, 
                    "error": 0.0009617937325052746
                }, 
                "ne:[1.2,2.1]": {
                    "value": 0.9288444519042969, 
                    "error": 0.0004738118338715401
                }, 
                "ne:[0.0,0.9]": {
                    "value": 0.9167943596839905, 
                    "error": 0.0005020871928031105
                }, 
                "ne:[0.9,1.2]": {
                    "value": 0.9319077134132385, 
                    "error": 0.0008543761907990935
                }
            }, 
            "pt:[30.0,40.0]": {
                "ne:[2.1,2.4]": {
                    "value": 0.9162100553512573, 
                    "error": 0.0008378994339515233
                }, 
                "ne:[1.2,2.1]": {
                    "value": 0.9317083358764648, 
                    "error": 0.00017828251987872523
                }, 
                "ne:[0.0,0.9]": {
                    "value": 0.9197860360145569, 
                    "error": 0.0001854660565533426
                }, 
                "ne:[0.9,1.2]": {
                    "value": 0.933291494846344, 
                    "error": 0.0006670849978878024
                }
            }, 
            "pt:[40.0,50.0]": {
                "ne:[2.1,2.4]": {
                    "value": 0.9190550446510315, 
                    "error": 0.00046256080617848854
                }, 
                "ne:[1.2,2.1]": {
                    "value": 0.9368026852607727, 
                    "error": 0.0006396802680672421
                }, 
                "ne:[0.0,0.9]": {
                    "value": 0.9205132722854614, 
                    "error": 0.00013675841189182973
                }, 
                "ne:[0.9,1.2]": {
                    "value": 0.9357845783233643, 
                    "error": 0.0002048871273101928
                }
            }, 
            "pt:[50.0,60.0]": {
                "ne:[2.1,2.4]": {
                    "value": 0.9215500950813293, 
                    "error": 0.00017318793096302444
                }, 
                "ne:[1.2,2.1]": {
                    "value": 0.9396637082099915, 
                    "error": 0.0005165829653727531
                }, 
                "ne:[0.0,0.9]": {
                    "value": 0.9180293679237366, 
                    "error": 0.0003937632044235669
                }, 
                "ne:[0.9,1.2]": {
                    "value": 0.9361910820007324, 
                    "error": 0.0007142853494664963
                }
            }, 
            "pt:[60.0,120.0]": {
                "ne:[2.1,2.4]": {
                    "value": 0.9246701002120972, 
                    "error": 0.0031646888343274115
                }, 
                "ne:[1.2,2.1]": {
                    "value": 0.9387055039405823, 
                    "error": 0.0008840035384163403
                }, 
                "ne:[0.0,0.9]": {
                    "value": 0.9160794615745544, 
                    "error": 0.0007232863957747058
                }, 
                "ne:[0.9,1.2]": {
                    "value": 0.932818591594696, 
                    "error": 0.00014563116152109803
                }
            }, 
            "pt:[20.0,25.0]": {
                "ne:[2.1,2.4]": {
                    "value": 0.9116629958152771, 
                    "error": 0.0001658535871976873
                }, 
                "ne:[1.2,2.1]": {
                    "value": 0.9309139847755432, 
                    "error": 0.0008435202817737048
                }, 
                "ne:[0.0,0.9]": {
                    "value": 0.9111248850822449, 
                    "error": 0.00010520499508682815
                }, 
                "ne:[0.9,1.2]": {
                    "value": 0.9332403540611267,