{
    "TightISO2017": {
        "abseta_pt": {
            "abseta:[0.0,0.9]": {
                "pt:[25.0,30.0]": {
                    "value": 1.0053783655166626, 
                    "error": 0.0001839146335968395
                }, 
                "pt:[30.0,40.0]": {
                    "value": 1.0099022388458252, 
                    "error": 0.0006787095298834867
                }, 
                "pt:[40.0,50.0]": {
                    "value": 1.0013684034347534, 
                    "error": 0.00044197802216915176
                }, 
                "pt:[50.0,60.0]": {
                    "value": 1.0001012086868286, 
                    "error": 0.0009290793534238777
                }, 
                "pt:[60.0,120.0]": {
                    "value": 0.999082088470459, 
                    "error": 0.00011117528444246313
                }, 
                "pt:[20.0,25.0]": {
                    "value": 1.0059752464294434, 
                    "error": 0.0003275595614827313
                }
            }, 
            "abseta:[1.2,2.1]": {
                "pt:[25.0,30.0]": {
                    "value": 0.9926477074623108, 
                    "error": 0.0001532430767375979
                }, 
                "pt:[30.0,40.0]": {
                    "value": 0.9940871000289917, 
                    "error": 0.000695827027766559
                }, 
                "pt:[40.0,50.0]": {
                    "value": 0.9928194284439087, 
                    "error": 0.0004999237878453148
                }, 
                "pt:[50.0,60.0]": {
                    "value": 0.9942603707313538, 
                    "error": 0.00010241580439098242
                }, 
                "pt:[60.0,120.0]": {
                    "value": 0.994671106338501, 
                    "error": 0.00012823107950864238
                }, 
                "pt:[20.0,25.0]": {
                    "value": 0.9978852868080139, 
                    "error": 0.0002426811272136547
                }
            }, 
            "abseta:[2.1,2.4]": {
                "pt:[25.0,30.0]": {
                    "value": 0.9850417375564575, 
                    "error": 0.00022057295346300317
                }, 
                "pt:[30.0,40.0]": {
                    "value": 0.9869071245193481, 
                    "error": 0.00010954753102708546
                }, 
                "pt:[40.0,50.0]": {
                    "value": 0.9884968996047974, 
                    "error": 0.0008786985213672655
                }, 
                "pt:[50.0,60.0]": {
                    "value": 0.9904453158378601, 
                    "error": 0.0001778267783830424
                }, 
                "pt:[60.0,120.0]": {
                    "value": 0.9937589168548584, 
                    "error": 0.0002766761643455111
                }, 
                "pt:[20.0,25.0]": {
                    "value": 0.980644941329956, 
                    "error": 0.00034394802940438214
                }
            }, 
            "abseta:[0.9,1.2]": {
                "pt:[25.0,30.0]": {
                    "value": 0.9930923581123352, 
                    "error": 0.00033052627259539218
                }, 
                "pt:[30.0,40.0]": {
                    "value": 0.9950252771377563, 
                    "error": 0.0001290134718083248
                }, 
                "pt:[40.0,50.0]": {
                    "value": 0.9949285387992859, 
                    "error": 0.0008720831113215193
                }, 
                "pt:[50.0,60.0]": {
                    "value": 0.9943251013755798, 
                    "error": 0.00017979889811556042
                }, 
                "pt:[60.0,120.0]": {
                    "value": 0.99448162317276, 
                    "error": 0.00022111575756305203
                }, 
                "pt:[20.0,25.0]": {
                    "value": 0.9973111152648926, 
                    "error": 0.0005562001951998902
                }
            }
        }, 
        "pt_ne_ratio": {
            "pt:[25.0,30.0]": {
                "ne:[2.1,2.4]": {
                    "value": 0.9850417375564575, 
                    "error": 0.00022057295346300317
                }, 
                "ne:[1.2,2.1]": {
                    "value": 0.9926477074623108, 
                    "error": 0.0001532430767375979
                }, 
                "ne:[0.0,0.9]": {
                    "value": 1.0053783655166626, 
                    "error": 0.0001839146335968395
                }, 
                "ne:[0.9,1.2]": {
                    "value": 0.9930923581123352, 
                    "error": 0.00033052627259539218
                }
            }, 
            "pt:[30.0,40.0]": {
                "ne:[2.1,2.4]": {
                    "value": 0.9869071245193481, 
                    "error": 0.00010954753102708546
                }, 
                "ne:[1.2,2.1]": {
                    "value": 0.9940871000289917, 
                    "error": 0.000695827027766559
                }, 
                "ne:[0.0,0.9]": {
                    "value": 1.0099022388458252, 
                    "error": 0.0006787095298834867
                }, 
                "ne:[0.9,1.2]": {
                    "value": 0.9950252771377563, 
                    "error": 0.0001290134718083248
                }
            }, 
            "pt:[40.0,50.0]": {
                "ne:[2.1,2.4]": {
                    "value": 0.9884968996047974, 
                    "error": 0.0008786985213672655
                }, 
                "ne:[1.2,2.1]": {
                    "value": 0.9928194284439087, 
                    "error": 0.0004999237878453148
                }, 
                "ne:[0.0,0.9]": {
                    "value": 1.0013684034347534, 
                    "error": 0.00044197802216915176
                }, 
                "ne:[0.9,1.2]": {
                    "value": 0.9949285387992859, 
                    "error": 0.0008720831113215193
                }
            }, 
            "pt:[50.0,60.0]": {
                "ne:[2.1,2.4]": {
                    "value": 0.9904453158378601, 
                    "error": 0.0001778267783830424
                }, 
                "ne:[1.2,2.1]": {
                    "value": 0.9942603707313538, 
                    "error": 0.00010241580439098242
                }, 
                "ne:[0.0,0.9]": {
                    "value": 1.0001012086868286, 
                    "error": 0.0009290793534238777
                }, 
                "ne:[0.9,1.2]": {
                    "value": 0.9943251013755798, 
                    "error": 0.00017979889811556042
                }
            }, 
            "pt:[60.0,120.0]": {
                "ne:[2.1,2.4]": {
                    "value": 0.9937589168548584, 
                    "error": 0.0002766761643455111
                }, 
                "ne:[1.2,2.1]": {
                    "value": 0.994671106338501, 
                    "error": 0.00012823107950864238
                }, 
                "ne:[0.0,0.9]": {
                    "value": 0.999082088470459, 
                    "error": 0.00011117528444246313
                }, 
                "ne:[0.9,1.2]": {
                    "value": 0.99448162317276, 
                    "error": 0.00022111575756305203
                }
            }, 
            "pt:[20.0,25.0]": {
                "ne:[2.1,2.4]": {
                    "value": 0.980644941329956, 
                    "error": 0.00034394802940438214
                }, 
                "ne:[1.2,2.1]": {
                    "value": 0.9978852868080139, 
                    "error": 0.0002426811272136547
                }, 
                "ne:[0.0,0.9]": {
                    "value": 1.0059752464294434, 
                    "error": 0.0003275595614827313
                }, 
                "ne:[0.9,1.2]": {
                    "value": 0.9973111152648926,