{
    "Mu17LegTRG2017MC": {
        "abseta_pt": {
            "abseta:[0.0,0.9]": {
                "pt:[25.0,30.0]": {
                    "value": 0.948212742805481, 
                    "error": 0.0005155677371562273
                }, 
                "pt:[30.0,40.0]": {
                    "value": 0.9511944651603699, 
                    "error": 0.0002802195925947935
                }, 
                "pt:[40.0,50.0]": {
                    "value": 0.9515931010246277, 
                    "error": 0.00023629116147483827
                }, 
                "pt:[50.0,60.0]": {
                    "value": 0.9510210752487183, 
                    "error": 0.0005466530792592885
                }, 
                "pt:[60.0,120.0]": {
                    "value": 0.9491217732429504, 
                    "error": 0.0008455871024509222
                }, 
                "pt:[20.0,25.0]": {
                    "value": 0.938215970993042, 
                    "error": 0.0008226002151590692
                }
            }, 
            "abseta:[1.2,2.1]": {
                "pt:[25.0,30.0]": {
                    "value": 0.9406992197036743, 
                    "error": 0.0005345138735540993
                }, 
                "pt:[30.0,40.0]": {
                    "value": 0.9426421523094177, 
                    "error": 0.0003206481288763704
                }, 
                "pt:[40.0,50.0]": {
                    "value": 0.9500208497047424, 
                    "error": 0.00027350559901315153
                }, 
                "pt:[50.0,60.0]": {
                    "value": 0.9558091759681702, 
                    "error": 0.00015356659927422787
                }, 
                "pt:[60.0,120.0]": {
                    "value": 0.9571265578269958, 
                    "error": 0.00011568726422031964
                }, 
                "pt:[20.0,25.0]": {
                    "value": 0.9456281661987305, 
                    "error": 0.0008764580154469884
                }
            }, 
            "abseta:[2.1,2.4]": {
                "pt:[25.0,30.0]": {
                    "value": 0.9351400136947632, 
                    "error": 0.0009713752197655588
                }, 
                "pt:[30.0,40.0]": {
                    "value": 0.9412747621536255, 
                    "error": 0.0005644486334085356
                }, 
                "pt:[40.0,50.0]": {
                    "value": 0.9439977407455444, 
                    "error": 0.0005923529730386959
                }, 
                "pt:[50.0,60.0]": {
                    "value": 0.9440550804138184, 
                    "error": 0.00021781794295688316
                }, 
                "pt:[60.0,120.0]": {
                    "value": 0.9456591010093689, 
                    "error": 0.000336039535145936
                }, 
                "pt:[20.0,25.0]": {
                    "value": 0.9411656856536865, 
                    "error": 0.00015883053708415542
                }
            }, 
            "abseta:[0.9,1.2]": {
                "pt:[25.0,30.0]": {
                    "value": 0.958372175693512, 
                    "error": 0.000790303287017181
                }, 
                "pt:[30.0,40.0]": {
                    "value": 0.9659678339958191, 
                    "error": 0.0003699443887756087
                }, 
                "pt:[40.0,50.0]": {
                    "value": 0.9688517451286316, 
                    "error": 0.0003068087801736061
                }, 
                "pt:[50.0,60.0]": {
                    "value": 0.9704795479774475, 
                    "error": 0.0008120983890300895
                }, 
                "pt:[60.0,120.0]": {
                    "value": 0.9690032601356506, 
                    "error": 0.0001235182070453603
                }, 
                "pt:[20.0,25.0]": {
                    "value": 0.9587759375572205, 
                    "error": 0.00014960059373587402
                }
            }
        }, 
        "pt_ne_ratio": {
            "pt:[25.0,30.0]": {
                "ne:[2.1,2.4]": {
                    "value": 0.9351400136947632, 
                    "error": 0.0009713752197655588
                }, 
                "ne:[1.2,2.1]": {
                    "value": 0.9406992197036743, 
                    "error": 0.0005345138735540993
                }, 
                "ne:[0.0,0.9]": {
                    "value": 0.948212742805481, 
                    "error": 0.0005155677371562273
                }, 
                "ne:[0.9,1.2]": {
                    "value": 0.958372175693512, 
                    "error": 0.000790303287017181
                }
            }, 
            "pt:[30.0,40.0]": {
                "ne:[2.1,2.4]": {
                    "value": 0.9412747621536255, 
                    "error": 0.0005644486334085356
                }, 
                "ne:[1.2,2.1]": {
                    "value": 0.9426421523094177, 
                    "error": 0.0003206481288763704
                }, 
                "ne:[0.0,0.9]": {
                    "value": 0.9511944651603699, 
                    "error": 0.0002802195925947935
                }, 
                "ne:[0.9,1.2]": {
                    "value": 0.9659678339958191, 
                    "error": 0.0003699443887756087
                }
            }, 
            "pt:[40.0,50.0]": {
                "ne:[2.1,2.4]": {
                    "value": 0.9439977407455444, 
                    "error": 0.0005923529730386959
                }, 
                "ne:[1.2,2.1]": {
                    "value": 0.9500208497047424, 
                    "error": 0.00027350559901315153
                }, 
                "ne:[0.0,0.9]": {
                    "value": 0.9515931010246277, 
                    "error": 0.00023629116147483827
                }, 
                "ne:[0.9,1.2]": {
                    "value": 0.9688517451286316, 
                    "error": 0.0003068087801736061
                }
            }, 
            "pt:[50.0,60.0]": {
                "ne:[2.1,2.4]": {
                    "value": 0.9440550804138184, 
                    "error": 0.00021781794295688316
                }, 
                "ne:[1.2,2.1]": {
                    "value": 0.9558091759681702, 
                    "error": 0.00015356659927422787
                }, 
                "ne:[0.0,0.9]": {
                    "value": 0.9510210752487183, 
                    "error": 0.0005466530792592885
                }, 
                "ne:[0.9,1.2]": {
                    "value": 0.9704795479774475, 
                    "error": 0.0008120983890300895
                }
            }, 
            "pt:[60.0,120.0]": {
                "ne:[2.1,2.4]": {
                    "value": 0.9456591010093689, 
                    "error": 0.000336039535145936
                }, 
                "ne:[1.2,2.1]": {
                    "value": 0.9571265578269958, 
                    "error": 0.00011568726422031964
                }, 
                "ne:[0.0,0.9]": {
                    "value": 0.9491217732429504, 
                    "error": 0.0008455871024509222
                }, 
                "ne:[0.9,1.2]": {
                    "value": 0.9690032601356506, 
                    "error": 0.0001235182070453603
                }
            }, 
            "pt:[20.0,25.0]": {
                "ne:[2.1,2.4]": {
                    "value": 0.9411656856536865, 
                    "error": 0.00015883053708415542
                }, 
                "ne:[1.2,2.1]": {
                    "value": 0.9456281661987305, 
                    "error": 0.0008764580154469884
                }, 
                "ne:[0.0,0.9]": {
                    "value": 0.938215970993042, 
                    "error": 0.0008226002151590692
                }, 
                "ne:[0.9,1.2]": {
                    "value": 0.9587759375572205,