{
    "Mu8LegTRG2017MC": {
        "abseta_pt": {
            "abseta:[0.0,0.9]": {
                "pt:[25.0,30.0]": {
                    "value": 0.9535185694694519, 
                    "error": 0.0005772521848436853
                }, 
                "pt:[30.0,40.0]": {
                    "value": 0.9512165188789368, 
                    "error": 0.00028014594647397415
                }, 
                "pt:[40.0,50.0]": {
                    "value": 0.9516059160232544, 
                    "error": 0.00023625494039436102
                }, 
                "pt:[50.0,60.0]": {
                    "value": 0.9510354399681091, 
                    "error": 0.0001043922046341017
                }, 
                "pt:[60.0,120.0]": {
                    "value": 0.9491217732429504, 
                    "error": 0.0008455871024509222
                }, 
                "pt:[20.0,25.0]": {
                    "value": 0.9534725546836853, 
                    "error": 0.0009304796582679265
                }
            }, 
            "abseta:[1.2,2.1]": {
                "pt:[25.0,30.0]": {
                    "value": 0.9464726448059082, 
                    "error": 0.0005804160495268487
                }, 
                "pt:[30.0,40.0]": {
                    "value": 0.9429705142974854, 
                    "error": 0.00031970298674253934
                }, 
                "pt:[40.0,50.0]": {
                    "value": 0.9502213001251221, 
                    "error": 0.0002729571414562374
                }, 
                "pt:[50.0,60.0]": {
                    "value": 0.9559692740440369, 
                    "error": 0.00015254097451302714
                }, 
                "pt:[60.0,120.0]": {
                    "value": 0.9571908116340637, 
                    "error": 0.00011565267419864375
                }, 
                "pt:[20.0,25.0]": {
                    "value": 0.9484146237373352, 
                    "error": 0.0008274153605452854
                }
            }, 
            "abseta:[2.1,2.4]": {
                "pt:[25.0,30.0]": {
                    "value": 0.9425688982009888, 
                    "error": 0.0001089017807905031
                }, 
                "pt:[30.0,40.0]": {
                    "value": 0.9422056078910828, 
                    "error": 0.0005588940410418267
                }, 
                "pt:[40.0,50.0]": {
                    "value": 0.9447183609008789, 
                    "error": 0.0005858052858728199
                }, 
                "pt:[50.0,60.0]": {
                    "value": 0.944827139377594, 
                    "error": 0.0005517284372611009
                }, 
                "pt:[60.0,120.0]": {
                    "value": 0.9460722804069519, 
                    "error": 0.00033539350656462677
                }, 
                "pt:[20.0,25.0]": {
                    "value": 0.9446172118186951, 
                    "error": 0.0001508192986058485
                }
            }, 
            "abseta:[0.9,1.2]": {
                "pt:[25.0,30.0]": {
                    "value": 0.9664384722709656, 
                    "error": 0.0008722744639575484
                }, 
                "pt:[30.0,40.0]": {
                    "value": 0.9665169715881348, 
                    "error": 0.00036698647570474526
                }, 
                "pt:[40.0,50.0]": {
                    "value": 0.9691722393035889, 
                    "error": 0.0003034090043638263
                }, 
                "pt:[50.0,60.0]": {
                    "value": 0.9707365036010742, 
                    "error": 0.0008111782446933828
                }, 
                "pt:[60.0,120.0]": {
                    "value": 0.9691473841667175, 
                    "error": 0.00012042860125822997
                }, 
                "pt:[20.0,25.0]": {
                    "value": 0.9623860716819763, 
                    "error": 0.00014063748602114777
                }
            }
        }, 
        "pt_ne_ratio": {
            "pt:[25.0,30.0]": {
                "ne:[2.1,2.4]": {
                    "value": 0.9425688982009888, 
                    "error": 0.0001089017807905031
                }, 
                "ne:[1.2,2.1]": {
                    "value": 0.9464726448059082, 
                    "error": 0.0005804160495268487
                }, 
                "ne:[0.0,0.9]": {
                    "value": 0.9535185694694519, 
                    "error": 0.0005772521848436853
                }, 
                "ne:[0.9,1.2]": {
                    "value": 0.9664384722709656, 
                    "error": 0.0008722744639575484
                }
            }, 
            "pt:[30.0,40.0]": {
                "ne:[2.1,2.4]": {
                    "value": 0.9422056078910828, 
                    "error": 0.0005588940410418267
                }, 
                "ne:[1.2,2.1]": {
                    "value": 0.9429705142974854, 
                    "error": 0.00031970298674253934
                }, 
                "ne:[0.0,0.9]": {
                    "value": 0.9512165188789368, 
                    "error": 0.00028014594647397415
                }, 
                "ne:[0.9,1.2]": {
                    "value": 0.9665169715881348, 
                    "error": 0.00036698647570474526
                }
            }, 
            "pt:[40.0,50.0]": {
                "ne:[2.1,2.4]": {
                    "value": 0.9447183609008789, 
                    "error": 0.0005858052858728199
                }, 
                "ne:[1.2,2.1]": {
                    "value": 0.9502213001251221, 
                    "error": 0.0002729571414562374
                }, 
                "ne:[0.0,0.9]": {
                    "value": 0.9516059160232544, 
                    "error": 0.00023625494039436102
                }, 
                "ne:[0.9,1.2]": {
                    "value": 0.9691722393035889, 
                    "error": 0.0003034090043638263
                }
            }, 
            "pt:[50.0,60.0]": {
                "ne:[2.1,2.4]": {
                    "value": 0.944827139377594, 
                    "error": 0.0005517284372611009
                }, 
                "ne:[1.2,2.1]": {
                    "value": 0.9559692740440369, 
                    "error": 0.00015254097451302714
                }, 
                "ne:[0.0,0.9]": {
                    "value": 0.9510354399681091, 
                    "error": 0.0001043922046341017
                }, 
                "ne:[0.9,1.2]": {
                    "value": 0.9707365036010742, 
                    "error": 0.0008111782446933828
                }
            }, 
            "pt:[60.0,120.0]": {
                "ne:[2.1,2.4]": {
                    "value": 0.9460722804069519, 
                    "error": 0.00033539350656462677
                }, 
                "ne:[1.2,2.1]": {
                    "value": 0.9571908116340637, 
                    "error": 0.00011565267419864375
                }, 
                "ne:[0.0,0.9]": {
                    "value": 0.9491217732429504, 
                    "error": 0.0008455871024509222
                }, 
                "ne:[0.9,1.2]": {
                    "value": 0.9691473841667175, 
                    "error": 0.00012042860125822997
                }
            }, 
            "pt:[20.0,25.0]": {
                "ne:[2.1,2.4]": {
                    "value": 0.9446172118186951, 
                    "error": 0.0001508192986058485
                }, 
                "ne:[1.2,2.1]": {
                    "value": 0.9484146237373352, 
                    "error": 0.0008274153605452854
                }, 
                "ne:[0.0,0.9]": {
                    "value": 0.9534725546836853, 
                    "error": 0.0009304796582679265
                }, 
                "ne:[0.9,1.2]": {
                    "value": 0.9623860716819763,