{
    "TightID2017": {
        "abseta_pt": {
            "abseta:[0.0,0.9]": {
                "pt:[25.0,30.0]": {
                    "value": 0.9927875399589539, 
                    "error": 0.0008094372088275783
                }, 
                "pt:[30.0,40.0]": {
                    "value": 0.9906317591667175, 
                    "error": 0.00028665617479919073
                }, 
                "pt:[40.0,50.0]": {
                    "value": 0.9893715381622314, 
                    "error": 0.00022502112125649906
                }, 
                "pt:[50.0,60.0]": {
                    "value": 0.9871864914894104, 
                    "error": 0.0005614946403883922
                }, 
                "pt:[60.0,120.0]": {
                    "value": 0.9885082244873047, 
                    "error": 0.00029147806418626153
                }, 
                "pt:[20.0,25.0]": {
                    "value": 0.9907829165458679, 
                    "error": 0.0015568955658655538
                }
            }, 
            "abseta:[1.2,2.1]": {
                "pt:[25.0,30.0]": {
                    "value": 0.9964920282363892, 
                    "error": 0.0004877354797799755
                }, 
                "pt:[30.0,40.0]": {
                    "value": 0.994083046913147, 
                    "error": 0.00024971523725595405
                }, 
                "pt:[40.0,50.0]": {
                    "value": 0.9937499165534973, 
                    "error": 0.0003290736039141341
                }, 
                "pt:[50.0,60.0]": {
                    "value": 0.9912816882133484, 
                    "error": 0.0006310278804094148
                }, 
                "pt:[60.0,120.0]": {
                    "value": 0.9894406199455261, 
                    "error": 0.00022841037173793582
                }, 
                "pt:[20.0,25.0]": {
                    "value": 0.992658257484436, 
                    "error": 0.00027747004938772198
                }
            }, 
            "abseta:[2.1,2.4]": {
                "pt:[25.0,30.0]": {
                    "value": 0.9818493723869324, 
                    "error": 0.0012014022955340222
                }, 
                "pt:[30.0,40.0]": {
                    "value": 0.9788610339164734, 
                    "error": 0.0006242410398285606
                }, 
                "pt:[40.0,50.0]": {
                    "value": 0.9777538776397705, 
                    "error": 0.00054858499595784344
                }, 
                "pt:[50.0,60.0]": {
                    "value": 0.9719342589378357, 
                    "error": 0.0002357442388899815
                }, 
                "pt:[60.0,120.0]": {
                    "value": 0.9737630486488342, 
                    "error": 0.00055702158102603275
                }, 
                "pt:[20.0,25.0]": {
                    "value": 0.9825530648231506, 
                    "error": 0.0001715017639878593
                }
            }, 
            "abseta:[0.9,1.2]": {
                "pt:[25.0,30.0]": {
                    "value": 0.9927117228507996, 
                    "error": 0.0001149988312156459
                }, 
                "pt:[30.0,40.0]": {
                    "value": 0.9855921864509583, 
                    "error": 0.0004735691217474401
                }, 
                "pt:[40.0,50.0]": {
                    "value": 0.9857912659645081, 
                    "error": 0.0003377572483072463
                }, 
                "pt:[50.0,60.0]": {
                    "value": 0.9842345118522644, 
                    "error": 0.0001101728295779832
                }, 
                "pt:[60.0,120.0]": {
                    "value": 0.9836893081665039, 
                    "error": 0.00018054691820391874
                }, 
                "pt:[20.0,25.0]": {
                    "value": 0.9920377731323242, 
                    "error": 0.0002243607058873622
                }
            }
        }, 
        "pt_ne_ratio": {
            "pt:[25.0,30.0]": {
                "ne:[2.1,2.4]": {
                    "value": 0.9818493723869324, 
                    "error": 0.00012014022955340222
                }, 
                "ne:[1.2,2.1]": {
                    "value": 0.9964920282363892, 
                    "error": 0.0004877354797799755
                }, 
                "ne:[0.0,0.9]": {
                    "value": 0.9927875399589539, 
                    "error": 0.0008094372088275783
                }, 
                "ne:[0.9,1.2]": {
                    "value": 0.9927117228507996, 
                    "error": 0.0001149988312156459
                }
            }, 
            "pt:[30.0,40.0]": {
                "ne:[2.1,2.4]": {
                    "value": 0.9788610339164734, 
                    "error": 0.0006242410398285606
                }, 
                "ne:[1.2,2.1]": {
                    "value": 0.994083046913147, 
                    "error": 0.00024971523725595405
                }, 
                "ne:[0.0,0.9]": {
                    "value": 0.9906317591667175, 
                    "error": 0.00028665617479919073
                }, 
                "ne:[0.9,1.2]": {
                    "value": 0.9855921864509583, 
                    "error": 0.0004735691217474401
                }
            }, 
            "pt:[40.0,50.0]": {
                "ne:[2.1,2.4]": {
                    "value": 0.9777538776397705, 
                    "error": 0.00054858499595784344
                }, 
                "ne:[1.2,2.1]": {
                    "value": 0.9937499165534973, 
                    "error": 0.0003290736039141341
                }, 
                "ne:[0.0,0.9]": {
                    "value": 0.9893715381622314, 
                    "error": 0.00022502112125649906
                }, 
                "ne:[0.9,1.2]": {
                    "value": 0.9857912659645081, 
                    "error": 0.0003377572483072463
                }
            }, 
            "pt:[50.0,60.0]": {
                "ne:[2.1,2.4]": {
                    "value": 0.9719342589378357, 
                    "error": 0.0002357442388899815
                }, 
                "ne:[1.2,2.1]": {
                    "value": 0.9912816882133484, 
                    "error": 0.0006310278804094148
                }, 
                "ne:[0.0,0.9]": {
                    "value": 0.9871864914894104, 
                    "error": 0.0005614946403883922
                }, 
                "ne:[0.9,1.2]": {
                    "value": 0.9842345118522644, 
                    "error": 0.0001101728295779832
                }
            }, 
            "pt:[60.0,120.0]": {
                "ne:[2.1,2.4]": {
                    "value": 0.9737630486488342, 
                    "error": 0.00055702158102603275
                }, 
                "ne:[1.2,2.1]": {
                    "value": 0.9894406199455261, 
                    "error": 0.00022841037173793582
                }, 
                "ne:[0.0,0.9]": {
                    "value": 0.9885082244873047, 
                    "error": 0.00029147806418626153
                }, 
                "ne:[0.9,1.2]": {
                    "value": 0.9836893081665039, 
                    "error": 0.00018054691820391874
                }
            }, 
            "pt:[20.0,25.0]": {
                "ne:[2.1,2.4]": {
                    "value": 0.9825530648231506, 
                    "error": 0.0001715017639878593
                }, 
                "ne:[1.2,2.1]": {
                    "value": 0.992658257484436, 
                    "error": 0.00027747004938772198
                }, 
                "ne:[0.0,0.9]": {
                    "value": 0.9907829165458679, 
                    "error": 0.00015568955658655538
                }, 
                "ne:[0.9,1.2]": {
                    "value": 0.9920377731323242,