{
    "Mu17LegTRG2017Data": {
        "abseta_pt": {
            "abseta:[0.0,0.9]": {
                "pt:[25.0,30.0]": {
                    "value": 0.9206801056861877, 
                    "error": 0.0007127942141733792
                }, 
                "pt:[30.0,40.0]": {
                    "value": 0.9192470908164978, 
                    "error": 0.00032105001024232166
                }, 
                "pt:[40.0,50.0]": {
                    "value": 0.9198939800262451, 
                    "error": 0.00013750430051050224
                }, 
                "pt:[50.0,60.0]": {
                    "value": 0.9157415628433228, 
                    "error": 0.0003565277049081466
                }, 
                "pt:[60.0,120.0]": {
                    "value": 0.9155116677284241, 
                    "error": 0.0007274683707272675
                }, 
                "pt:[20.0,25.0]": {
                    "value": 0.9191358685493469, 
                    "error": 0.00028990666411858
                }
            }, 
            "abseta:[1.2,2.1]": {
                "pt:[25.0,30.0]": {
                    "value": 0.9182164072990417, 
                    "error": 0.0004448875582240912
                }, 
                "pt:[30.0,40.0]": {
                    "value": 0.9252607226371765, 
                    "error": 0.0003131341418916578
                }, 
                "pt:[40.0,50.0]": {
                    "value": 0.9330904483795166, 
                    "error": 0.000245427148896024
                }, 
                "pt:[50.0,60.0]": {
                    "value": 0.9362034201622009, 
                    "error": 0.0005260371871823569
                }, 
                "pt:[60.0,120.0]": {
                    "value": 0.9105270504951477, 
                    "error": 0.00011215529816507917
                }, 
                "pt:[20.0,25.0]": {
                    "value": 0.9120324850082397, 
                    "error": 0.000878791894371026
                }
            }, 
            "abseta:[2.1,2.4]": {
                "pt:[25.0,30.0]": {
                    "value": 0.8437962532043457, 
                    "error": 0.0001181910259909501
                }, 
                "pt:[30.0,40.0]": {
                    "value": 0.8649587631225586, 
                    "error": 0.0005524754844656597
                }, 
                "pt:[40.0,50.0]": {
                    "value": 0.8816691040992737, 
                    "error": 0.0005941157924041211
                }, 
                "pt:[50.0,60.0]": {
                    "value": 0.8918137550354004, 
                    "error": 0.0001812372412716911
                }, 
                "pt:[60.0,120.0]": {
                    "value": 0.904088020324707, 
                    "error": 0.00048088554120731255
                }, 
                "pt:[20.0,25.0]": {
                    "value": 0.8218653798103333, 
                    "error": 0.0003099364430798118
                }
            }, 
            "abseta:[0.9,1.2]": {
                "pt:[25.0,30.0]": {
                    "value": 0.9295729994773865, 
                    "error": 0.0008865077118202802
                }, 
                "pt:[30.0,40.0]": {
                    "value": 0.931638777256012, 
                    "error": 0.00033057831370515185
                }, 
                "pt:[40.0,50.0]": {
                    "value": 0.9338855743408203, 
                    "error": 0.00024359610712884955
                }, 
                "pt:[50.0,60.0]": {
                    "value": 0.9329355955123901, 
                    "error": 0.0005768358690341402
                }, 
                "pt:[60.0,120.0]": {
                    "value": 0.9315110445022583, 
                    "error": 0.0001450036807137111
                }, 
                "pt:[20.0,25.0]": {
                    "value": 0.9318714141845703, 
                    "error": 0.0001744215488541225
                }
            }
        }, 
        "pt_ne_ratio": {
            "pt:[25.0,30.0]": {
                "ne:[2.1,2.4]": {
                    "value": 0.8437962532043457, 
                    "error": 0.0001181910259909501
                }, 
                "ne:[1.2,2.1]": {
                    "value": 0.9182164072990417, 
                    "error": 0.0004448875582240912
                }, 
                "ne:[0.0,0.9]": {
                    "value": 0.9206801056861877, 
                    "error": 0.0007127942141733792
                }, 
                "ne:[0.9,1.2]": {
                    "value": 0.9295729994773865, 
                    "error": 0.0008865077118202802
                }
            }, 
            "pt:[30.0,40.0]": {
                "ne:[2.1,2.4]": {
                    "value": 0.8649587631225586, 
                    "error": 0.0005524754844656597
                }, 
                "ne:[1.2,2.1]": {
                    "value": 0.9252607226371765, 
                    "error": 0.0003131341418916578
                }, 
                "ne:[0.0,0.9]": {
                    "value": 0.9192470908164978, 
                    "error": 0.00032105001024232166
                }, 
                "ne:[0.9,1.2]": {
                    "value": 0.931638777256012, 
                    "error": 0.00033057831370515185
                }
            }, 
            "pt:[40.0,50.0]": {
                "ne:[2.1,2.4]": {
                    "value": 0.8816691040992737, 
                    "error": 0.0005941157924041211
                }, 
                "ne:[1.2,2.1]": {
                    "value": 0.9330904483795166, 
                    "error": 0.000245427148896024
                }, 
                "ne:[0.0,0.9]": {
                    "value": 0.9198939800262451, 
                    "error": 0.00013750430051050224
                }, 
                "ne:[0.9,1.2]": {
                    "value": 0.9338855743408203, 
                    "error": 0.00024359610712884955
                }
            }, 
            "pt:[50.0,60.0]": {
                "ne:[2.1,2.4]": {
                    "value": 0.8918137550354004, 
                    "error": 0.0001812372412716911
                }, 
                "ne:[1.2,2.1]": {
                    "value": 0.9362034201622009, 
                    "error": 0.0005260371871823569
                }, 
                "ne:[0.0,0.9]": {
                    "value": 0.9157415628433228, 
                    "error": 0.0003565277049081466
                }, 
                "ne:[0.9,1.2]": {
                    "value": 0.9329355955123901, 
                    "error": 0.0005768358690341402
                }
            }, 
            "pt:[60.0,120.0]": {
                "ne:[2.1,2.4]": {
                    "value": 0.904088020324707, 
                    "error": 0.00048088554120731255
                }, 
                "ne:[1.2,2.1]": {
                    "value": 0.9105270504951477, 
                    "error": 0.00011215529816507917
                }, 
                "ne:[0.0,0.9]": {
                    "value": 0.9155116677284241, 
                    "error": 0.0007274683707272675
                }, 
                "ne:[0.9,1.2]": {
                    "value": 0.9315110445022583, 
                    "error": 0.0001450036807137111
                }
            }, 
            "pt:[20.0,25.0]": {
                "ne:[2.1,2.4]": {
                    "value": 0.8218653798103333, 
                    "error": 0.0003099364430798118
                }, 
                "ne:[1.2,2.1]": {
                    "value": 0.9120324850082397, 
                    "error": 0.000878791894371026
                }, 
                "ne:[0.0,0.9]": {
                    "value": 0.9191358685493469, 
                    "error": 0.00028990666411858
                }, 
                "ne:[0.9,1.2]": {
                    "value": 0.9318714141845703,