{
    "NUM_UltraTightIso4_DEN_TightIDandIPCut": {
        "abseta_pt": {
            "abseta:[1.20,2.10]": {
                "pt:[20.00,25.00]": {
                    "value": 0.6904319291767578, 
                    "error": 0.0016660187103473274
                }, 
                "pt:[50.00,60.00]": {
                    "value": 0.9069364511315646, 
                    "error": 0.0007288363866295638
                }, 
                "pt:[25.00,30.00]": {
                    "value": 0.7498343129328408, 
                    "error": 0.0010853702509876146
                }, 
                "pt:[60.00,120.00]": {
                    "value": 0.9329216237449848, 
                    "error": 0.0011194131960631723
                }, 
                "pt:[30.00,40.00]": {
                    "value": 0.8191144242033372, 
                    "error": 0.00044989670248754673
                }, 
                "pt:[40.00,50.00]": {
                    "value": 0.8764578079312569, 
                    "error": 0.0003250467867497655
                }
            }, 
            "abseta:[2.10,2.40]": {
                "pt:[20.00,25.00]": {
                    "value": 0.7721033662775791, 
                    "error": 0.0027243984871649805
                }, 
                "pt:[50.00,60.00]": {
                    "value": 0.9504583744511894, 
                    "error": 0.0013008816091614596
                }, 
                "pt:[25.00,30.00]": {
                    "value": 0.8240052712159354, 
                    "error": 0.0017540124033994914
                }, 
                "pt:[60.00,120.00]": {
                    "value": 0.9693582551997117, 
                    "error": 0.002023739793590745
                }, 
                "pt:[30.00,40.00]": {
                    "value": 0.8838191044776952, 
                    "error": 0.0007632892751646217
                }, 
                "pt:[40.00,50.00]": {
                    "value": 0.9291484365944924, 
                    "error": 0.0006159377202380633
                }
            }, 
            "abseta:[0.90,1.20]": {
                "pt:[20.00,25.00]": {
                    "value": 0.6089943717546141, 
                    "error": 0.0032664883544378503
                }, 
                "pt:[50.00,60.00]": {
                    "value": 0.8670554248823426, 
                    "error": 0.0011836571762013468
                }, 
                "pt:[25.00,30.00]": {
                    "value": 0.6739208598331756, 
                    "error": 0.002038689493626489
                }, 
                "pt:[60.00,120.00]": {
                    "value": 0.904506046902555, 
                    "error": 0.001828748293235936
                }, 
                "pt:[30.00,40.00]": {
                    "value": 0.7565452218898825, 
                    "error": 0.0007650703506095481
                }, 
                "pt:[40.00,50.00]": {
                    "value": 0.8269429317124264, 
                    "error": 0.0005412101317929878
                }
            }, 
            "abseta:[0.00,0.90]": {
                "pt:[20.00,25.00]": {
                    "value": 0.6207141769661342, 
                    "error": 0.0018854880357712445
                }, 
                "pt:[50.00,60.00]": {
                    "value": 0.8738438733278875, 
                    "error": 0.0006100942434084593
                }, 
                "pt:[25.00,30.00]": {
                    "value": 0.6819554308343637, 
                    "error": 0.001120403306045294
                }, 
                "pt:[60.00,120.00]": {
                    "value": 0.9079260816638394, 
                    "error": 0.0009075226417986444
                }, 
                "pt:[30.00,40.00]": {
                    "value": 0.767623886329728, 
                    "error": 0.0004736747414412459
                }, 
                "pt:[40.00,50.00]": {
                    "value": 0.8363553847458459, 
                    "error": 0.0008600551011642364
                }
            }
        }
    }
}