{
    "NUM_IsoMu27_DEN_empty": {
        "abseta_pt": {
            "abseta:[1.20,2.10]": {
                "pt:[32.00,36.00]": {
                    "value": 0.8568472637425917, 
                    "error": 0.0005253010803680109
                }, 
                "pt:[40.00,45.00]": {
                    "value": 0.8808328903946285, 
                    "error": 0.00025475705806681106
                }, 
                "pt:[50.00,55.00]": {
                    "value": 0.8896617563642489, 
                    "error": 0.0004784435706722053
                }, 
                "pt:[45.00,50.00]": {
                    "value": 0.8858364308813137, 
                    "error": 0.00029976007065192256
                }, 
                "pt:[36.00,40.00]": {
                    "value": 0.8711360488957884, 
                    "error": 0.00036346412808820153
                }, 
                "pt:[60.00,80.00]": {
                    "value": 0.894217888435437, 
                    "error": 0.000748901533669282
                }, 
                "pt:[80.00,120.00]": {
                    "value": 0.8970865748312485, 
                    "error": 0.002295125388896301
                }, 
                "pt:[29.00,32.00]": {
                    "value": 0.8343385352723538, 
                    "error": 0.0009032005646503991
                }, 
                "pt:[55.00,60.00]": {
                    "value": 0.8922539159823156, 
                    "error": 0.0007522389578084738
                }
            }, 
            "abseta:[2.10,2.40]": {
                "pt:[32.00,36.00]": {
                    "value": 0.7164225794570359, 
                    "error": 0.0012122796689950975
                }, 
                "pt:[40.00,45.00]": {
                    "value": 0.7722332395536688, 
                    "error": 0.0007034977807750947
                }, 
                "pt:[50.00,55.00]": {
                    "value": 0.795033412970346, 
                    "error": 0.0009467062774412025
                }, 
                "pt:[45.00,50.00]": {
                    "value": 0.7858614261387113, 
                    "error": 0.0009643935364680612
                }, 
                "pt:[36.00,40.00]": {
                    "value": 0.7490742300978128, 
                    "error": 0.0009092425730742969
                }, 
                "pt:[60.00,80.00]": {
                    "value": 0.8059567572648476, 
                    "error": 0.002261418568053923
                }, 
                "pt:[80.00,120.00]": {
                    "value": 0.8087451974779162, 
                    "error": 0.006242183170428528
                }, 
                "pt:[29.00,32.00]": {
                    "value": 0.6541225609304342, 
                    "error": 0.0019436435586781926
                }, 
                "pt:[55.00,60.00]": {
                    "value": 0.8010247421403849, 
                    "error": 0.002108352155975789
                }
            }, 
            "abseta:[0.90,1.20]": {
                "pt:[32.00,36.00]": {
                    "value": 0.8946461134459434, 
                    "error": 0.0007132821165392127
                }, 
                "pt:[40.00,45.00]": {
                    "value": 0.9094556462779568, 
                    "error": 0.0003570369115438114
                }, 
                "pt:[50.00,55.00]": {
                    "value": 0.9129248747715228, 
                    "error": 0.0006879568408144795
                }, 
                "pt:[45.00,50.00]": {
                    "value": 0.9118576198707924, 
                    "error": 0.0004289012457781611
                }, 
                "pt:[36.00,40.00]": {
                    "value": 0.9047779086554895, 
                    "error": 0.00048767684907823495
                }, 
                "pt:[60.00,80.00]": {
                    "value": 0.9110491498403709, 
                    "error": 0.0010627973212076884
                }, 
                "pt:[80.00,120.00]": {
                    "value": 0.910561160470152, 
                    "error": 0.002225835917213683
                }, 
                "pt:[29.00,32.00]": {
                    "value": 0.8800009335013192, 
                    "error": 0.0012753875514954429
                }, 
                "pt:[55.00,60.00]": {
                    "value": 0.9141586632554916, 
                    "error": 0.0010930496569423794
                }
            }, 
            "abseta:[0.00,0.90]": {
                "pt:[32.00,36.00]": {
                    "value": 0.9257485614463189, 
                    "error": 0.00029939392434222186
                }, 
                "pt:[40.00,45.00]": {
                    "value": 0.932325752074218, 
                    "error": 0.00019710874923595007
                }, 
                "pt:[50.00,55.00]": {
                    "value": 0.9331909008698788, 
                    "error": 0.00034131944662453876
                }, 
                "pt:[45.00,50.00]": {
                    "value": 0.9331463460318847, 
                    "error": 0.00021458176091546102
                }, 
                "pt:[36.00,40.00]": {
                    "value": 0.9299175001776825, 
                    "error": 0.00022322874794382646
                }, 
                "pt:[60.00,80.00]": {
                    "value": 0.932419432602416, 
                    "error": 0.000792181944758529
                }, 
                "pt:[80.00,120.00]": {
                    "value": 0.932406233198519, 
                    "error": 0.001566006634006699
                }, 
                "pt:[29.00,32.00]": {
                    "value": 0.918424598262133, 
                    "error": 0.0005044283524174421
                }, 
                "pt:[55.00,60.00]": {
                    "value": 0.9332549754224715, 
                    "error": 0.0005451801489287076
                }
            }
        }
    }
}