{
    "NUM_UltraTightIso4_DEN_TightIDandIPCut": {
        "abseta_pt": {
            "abseta:[1.20,2.10]": {
                "pt:[20.00,25.00]": {
                    "value": 0.6897925727159329, 
                    "error": 0.001275849154900513
                }, 
                "pt:[50.00,60.00]": {
                    "value": 0.9012103835656029, 
                    "error": 0.0005676768950874727
                }, 
                "pt:[25.00,30.00]": {
                    "value": 0.7453042976446159, 
                    "error": 0.0008500944089447564
                }, 
                "pt:[60.00,120.00]": {
                    "value": 0.9280201785219652, 
                    "error": 0.0008363466506914254
                }, 
                "pt:[30.00,40.00]": {
                    "value": 0.8127821357479189, 
                    "error": 0.00036598974998984345
                }, 
                "pt:[40.00,50.00]": {
                    "value": 0.8700184485369078, 
                    "error": 0.00027514644737177985
                }
            }, 
            "abseta:[2.10,2.40]": {
                "pt:[20.00,25.00]": {
                    "value": 0.7563577577357032, 
                    "error": 0.002216358699304792
                }, 
                "pt:[50.00,60.00]": {
                    "value": 0.9404568058637652, 
                    "error": 0.0010650868057174145
                }, 
                "pt:[25.00,30.00]": {
                    "value": 0.812501662696842, 
                    "error": 0.0014747178910291536
                }, 
                "pt:[60.00,120.00]": {
                    "value": 0.9599345640693128, 
                    "error": 0.0015806423686564963
                }, 
                "pt:[30.00,40.00]": {
                    "value": 0.8710258839749117, 
                    "error": 0.0006557798118122409
                }, 
                "pt:[40.00,50.00]": {
                    "value": 0.9169937981398757, 
                    "error": 0.00046455504409770494
                }
            }, 
            "abseta:[0.90,1.20]": {
                "pt:[20.00,25.00]": {
                    "value": 0.6114949166525023, 
                    "error": 0.002535370974942455
                }, 
                "pt:[50.00,60.00]": {
                    "value": 0.8630633915732254, 
                    "error": 0.0009169348014075776
                }, 
                "pt:[25.00,30.00]": {
                    "value": 0.6710238521312006, 
                    "error": 0.0015876627113361565
                }, 
                "pt:[60.00,120.00]": {
                    "value": 0.8997081349819169, 
                    "error": 0.0013602976863368067
                }, 
                "pt:[30.00,40.00]": {
                    "value": 0.7533782181577062, 
                    "error": 0.000615829182746686
                }, 
                "pt:[40.00,50.00]": {
                    "value": 0.8242325545179001, 
                    "error": 0.0004462866686917842
                }
            }, 
            "abseta:[0.00,0.90]": {
                "pt:[20.00,25.00]": {
                    "value": 0.6225213533612264, 
                    "error": 0.0014496212325297013
                }, 
                "pt:[50.00,60.00]": {
                    "value": 0.8744488947073084, 
                    "error": 0.0004694453995255234
                }, 
                "pt:[25.00,30.00]": {
                    "value": 0.6864564038041183, 
                    "error": 0.0008750784444735951
                }, 
                "pt:[60.00,120.00]": {
                    "value": 0.9086136854268401, 
                    "error": 0.0006757785356341803
                }, 
                "pt:[30.00,40.00]": {
                    "value": 0.7710281782094653, 
                    "error": 0.00032343361559079636
                }, 
                "pt:[40.00,50.00]": {
                    "value": 0.8389781566328635, 
                    "error": 0.00022912145859951312
                }
            }
        }
    }
}