{
    "NUM_IsoMu27_DEN_empty": {
        "abseta_pt": {
            "abseta:[1.20,2.10]": {
                "pt:[32.00,36.00]": {
                    "value": 0.8659302810573064, 
                    "error": 0.0011078534037707113
                }, 
                "pt:[40.00,45.00]": {
                    "value": 0.888465528167894, 
                    "error": 0.0005200575085734872
                }, 
                "pt:[50.00,55.00]": {
                    "value": 0.9002878137044446, 
                    "error": 0.0010462063611491686
                }, 
                "pt:[45.00,50.00]": {
                    "value": 0.8946895968696111, 
                    "error": 0.0006172384267613614
                }, 
                "pt:[36.00,40.00]": {
                    "value": 0.8776443481223763, 
                    "error": 0.0007629837585770755
                }, 
                "pt:[60.00,80.00]": {
                    "value": 0.9068290001999, 
                    "error": 0.0016785326514296196
                }, 
                "pt:[80.00,120.00]": {
                    "value": 0.9109326935564621, 
                    "error": 0.004000444562449989
                }, 
                "pt:[29.00,32.00]": {
                    "value": 0.8481712507897583, 
                    "error": 0.0019026308909031982
                }, 
                "pt:[55.00,60.00]": {
                    "value": 0.9034719079190034, 
                    "error": 0.001251867505324486
                }
            }, 
            "abseta:[2.10,2.40]": {
                "pt:[32.00,36.00]": {
                    "value": 0.8004450825784238, 
                    "error": 0.0023069538486988964
                }, 
                "pt:[40.00,45.00]": {
                    "value": 0.8347517726187113, 
                    "error": 0.001300995229608063
                }, 
                "pt:[50.00,55.00]": {
                    "value": 0.8447745929887145, 
                    "error": 0.0027157331526519815
                }, 
                "pt:[45.00,50.00]": {
                    "value": 0.8428771047508845, 
                    "error": 0.0015869238933632415
                }, 
                "pt:[36.00,40.00]": {
                    "value": 0.8201925432754912, 
                    "error": 0.001709106664031026
                }, 
                "pt:[60.00,80.00]": {
                    "value": 0.8514829979262821, 
                    "error": 0.004633319562785063
                }, 
                "pt:[80.00,120.00]": {
                    "value": 0.8522740710248609, 
                    "error": 0.010848368246118656
                }, 
                "pt:[29.00,32.00]": {
                    "value": 0.764309348116634, 
                    "error": 0.003817799427562471
                }, 
                "pt:[55.00,60.00]": {
                    "value": 0.8488207905326839, 
                    "error": 0.004680258059411888
                }
            }, 
            "abseta:[0.90,1.20]": {
                "pt:[32.00,36.00]": {
                    "value": 0.9403683675777681, 
                    "error": 0.0012264970897352056
                }, 
                "pt:[40.00,45.00]": {
                    "value": 0.9551075187589322, 
                    "error": 0.0005392535330196544
                }, 
                "pt:[50.00,55.00]": {
                    "value": 0.9602458704520551, 
                    "error": 0.0010860553774645987
                }, 
                "pt:[45.00,50.00]": {
                    "value": 0.9596004023070828, 
                    "error": 0.0006386562995383181
                }, 
                "pt:[36.00,40.00]": {
                    "value": 0.9498645639950019, 
                    "error": 0.0007671159506803545
                }, 
                "pt:[60.00,80.00]": {
                    "value": 0.9638654976560981, 
                    "error": 0.0018506413089150534
                }, 
                "pt:[80.00,120.00]": {
                    "value": 0.9608243852614302, 
                    "error": 0.00345796564355544
                }, 
                "pt:[29.00,32.00]": {
                    "value": 0.9284750116184132, 
                    "error": 0.002210332955675691
                }, 
                "pt:[55.00,60.00]": {
                    "value": 0.9629150334604861, 
                    "error": 0.0017965091185871043
                }
            }, 
            "abseta:[0.00,0.90]": {
                "pt:[32.00,36.00]": {
                    "value": 0.9523817380747139, 
                    "error": 0.0005155063675238389
                }, 
                "pt:[40.00,45.00]": {
                    "value": 0.9592519506337769, 
                    "error": 0.00028537350894227706
                }, 
                "pt:[50.00,55.00]": {
                    "value": 0.9607295819903534, 
                    "error": 0.0006108846810297429
                }, 
                "pt:[45.00,50.00]": {
                    "value": 0.9606122024413057, 
                    "error": 0.0003527845286880947
                }, 
                "pt:[36.00,40.00]": {
                    "value": 0.9567303147885775, 
                    "error": 0.00038163168967148085
                }, 
                "pt:[60.00,80.00]": {
                    "value": 0.9604985380033844, 
                    "error": 0.0010316885904231863
                }, 
                "pt:[80.00,120.00]": {
                    "value": 0.9596244659860769, 
                    "error": 0.040402728861436886
                }, 
                "pt:[29.00,32.00]": {
                    "value": 0.9479951062093415, 
                    "error": 0.0009243220976059333
                }, 
                "pt:[55.00,60.00]": {
                    "value": 0.9605820642270069, 
                    "error": 0.039424349543232005
                }
            }
        }
    }
}